Episode,Total Reward,Agent 0 Reward,Agent 1 Reward,Agent 2 Reward,Agent 3 Reward,Agent 4 Reward,Agent 5 Reward,Agent 6 Reward,Agent 7 Reward
0,[371.93772765],[66.24824166],[68.47076899],[61.83260238],[53.91749226],[44.25330458],[-6.14717156],[68.39088739],[14.97160195]
1,[591.47064548],[113.80175025],[94.96230575],[42.66278941],[46.21053694],[95.18000848],[-10.25793506],[86.23913004],[122.67205968]
2,[189.38146164],[40.6533752],[13.85287466],[55.42750374],[-30.03128023],[26.78165458],[-44.92145805],[58.50296845],[69.11582328]
3,[309.01480449],[19.30900945],[10.71948135],[97.11345031],[24.20166382],[76.91945425],[-25.19302325],[49.84464454],[56.10012403]
4,[-958.11457086],[-77.16445215],[-119.47856359],[-136.87056268],[-109.40518476],[-110.84662934],[-178.94994623],[-100.76573713],[-124.63349498]
5,[-417.78346977],[-37.40716314],[-41.2729139],[-35.89485567],[-37.86036627],[-38.84068551],[-112.86686593],[-65.75654433],[-47.88407501]
6,[616.45501964],[53.03849833],[82.60733621],[95.67895107],[90.51422871],[121.57863045],[8.9646437],[76.85021978],[87.22251138]
7,[717.54802627],[110.66855156],[110.43293525],[91.29420869],[96.81374524],[104.85888587],[25.32253611],[103.86337837],[74.29378517]
8,[147.46216932],[5.72904889],[3.63076175],[15.39024297],[32.49954543],[38.7621611],[-44.68291299],[52.80484281],[43.32847937]
9,[636.94119054],[115.40791637],[91.80888877],[106.33626739],[55.51317548],[77.59469208],[22.37480748],[80.02308775],[87.88235523]
10,[533.64417427],[74.73647418],[42.06120425],[103.98629662],[72.17754434],[45.25352016],[13.71213751],[90.38370798],[91.33328922]
11,[582.58029733],[74.12069927],[90.53516444],[76.38530467],[74.66785061],[45.90380959],[10.66942822],[97.49575916],[112.80228137]
12,[319.02422487],[29.25023916],[39.50410256],[44.73503254],[35.94798911],[79.51854908],[-25.81607066],[53.74617473],[62.13820835]
13,[493.95110578],[118.91061394],[74.07691047],[68.37645325],[49.11397459],[79.67383949],[-16.12527433],[57.17356574],[62.75102263]
14,[634.86849636],[65.80134008],[78.70303784],[109.29607156],[93.10320356],[86.56411108],[29.91889035],[81.92026686],[89.56157503]
15,[511.70526654],[70.51209279],[95.9434722],[86.76413377],[86.49508276],[96.33972173],[-11.77134356],[33.54627957],[53.87582728]
16,[459.25459251],[77.74680328],[60.22559566],[46.81146458],[66.63741674],[58.03856491],[-1.71040201],[89.4546486],[62.05050076]
17,[548.75625118],[81.27073168],[56.3998336],[55.97405106],[97.5508863],[84.01003439],[-3.80896284],[67.52421032],[109.83546668]
18,[413.40566033],[71.56247587],[76.3405908],[25.29032429],[34.49476441],[68.06889317],[-18.95438948],[77.84337456],[78.75962672]
19,[669.52142858],[107.40006419],[94.01618266],[101.77468882],[82.89807637],[78.88038248],[4.08906976],[98.25112501],[102.2118393]
20,[37.17968321],[8.32066319],[16.50844263],[49.86851881],[-33.3240191],[4.64141102],[-72.31295267],[38.90839527],[24.56922406]
21,[637.03193094],[104.59376081],[86.53813463],[101.81850218],[67.8867374],[84.80443455],[28.85333936],[65.1265777],[97.41044431]
22,[507.51727087],[131.76378978],[75.9229604],[48.74230536],[36.35734451],[59.65364503],[-17.82666888],[92.1644008],[80.73949388]
23,[589.3448055],[58.68895667],[67.77124159],[123.89267078],[44.58328256],[115.32689386],[18.61369899],[95.04817695],[65.4198841]
24,[-213.81040417],[-59.16168474],[-14.89340251],[-27.62894478],[-43.58528033],[31.90000841],[-76.06596889],[-15.69423936],[-8.68089197]
25,[529.28362682],[66.29531968],[43.74689154],[77.84559649],[68.09308183],[57.07138737],[-6.2673195],[108.61263482],[113.8860346]
26,[223.98437335],[23.88757094],[46.76865497],[20.74878206],[32.94523936],[34.0838487],[-29.30949418],[19.94372081],[74.91605069]
27,[454.37935253],[55.96334435],[95.82505266],[69.82984413],[45.32208515],[79.59917979],[-7.36792844],[64.20003912],[51.00773577]
28,[603.33137315],[91.64112342],[99.19715274],[75.824067],[81.54546935],[49.80853665],[27.62929075],[78.45573667],[99.22999657]
29,[528.80592834],[63.59427218],[68.43363411],[106.62551806],[73.94988225],[73.62704881],[-10.72020836],[88.06874517],[65.22703613]
30,[637.5486637],[88.58768062],[74.77479342],[84.14222588],[86.6575197],[51.95029266],[23.25317252],[133.02482305],[95.15815585]
31,[-104.27288365],[14.92829829],[-7.22180351],[-8.30258112],[0.80855131],[-44.57873691],[-89.18781922],[18.04008637],[11.24112114]
32,[444.76435151],[42.00113134],[86.2211187],[60.58959099],[61.64804189],[114.00524446],[7.27190515],[38.15287506],[34.87444391]
33,[640.46242688],[66.22825759],[90.04644061],[85.62797746],[124.17414258],[80.31249643],[20.99464392],[52.56591959],[120.5125487]
34,[610.62401137],[104.83513998],[121.53876123],[110.37396077],[56.78924669],[85.54734282],[-6.56689684],[64.69774463],[73.40871209]
35,[603.22585477],[69.58887783],[47.99695721],[133.12154265],[68.16146304],[91.38836949],[18.47712775],[95.40602793],[79.08548886]
36,[532.67340759],[95.49502958],[73.9934573],[71.10112116],[55.60120776],[96.99421086],[-14.19008875],[76.56008694],[77.11838275]
37,[638.02916463],[82.00441195],[46.7396598],[107.83010788],[78.22992709],[83.0526578],[14.59308229],[107.4274768],[118.15184102]
38,[-313.27278481],[-52.8062552],[-2.77371432],[-2.06575915],[-89.59938607],[-50.50878319],[-93.20209147],[17.03265841],[-39.34945383]
39,[466.91079103],[72.88250627],[58.18044191],[41.08415705],[96.21814415],[58.60685804],[-8.21212217],[86.95103858],[61.1997672]
40,[205.01057712],[24.24185673],[26.22166991],[26.36698581],[18.95345162],[37.93371793],[-35.16808939],[67.94299315],[38.51799136]
41,[571.16745312],[39.19987523],[92.64284419],[102.60317169],[48.51512229],[95.28241313],[25.53682143],[79.21901801],[88.16818715]
42,[570.93426149],[113.95193427],[72.40551513],[69.55973402],[94.44176417],[39.85668667],[4.22912688],[106.07492612],[70.41457423]
43,[360.80072944],[58.53284754],[71.30701744],[35.81130788],[56.76690132],[31.63555419],[6.95611068],[67.27229021],[32.51870018]
44,[339.00137234],[48.67462147],[35.25307827],[82.50718252],[30.11768721],[73.76627032],[-25.38508591],[73.48263255],[20.5849859]
45,[359.95953608],[42.10351538],[66.08033208],[66.09198567],[32.93341921],[77.33928175],[-35.11558529],[46.99672782],[63.52985947]
46,[697.36921194],[116.2172983],[90.89432239],[120.78455666],[60.12580539],[106.22391035],[14.37429476],[69.48493617],[119.2640879]
47,[223.87136265],[14.36599317],[79.84214153],[55.61654836],[8.69923513],[51.15832016],[-49.53371545],[31.48429867],[32.23854109]
48,[566.17757151],[89.75990479],[93.07938528],[55.38270153],[92.80042542],[73.96788799],[11.00405665],[73.66500904],[76.51820081]
49,[220.58795303],[54.40982468],[-1.54624533],[34.02568688],[36.79861382],[34.96710465],[-34.77403384],[38.08189531],[58.62510685]
50,[663.81804584],[119.84280232],[65.9680834],[75.57881568],[78.97224786],[83.26171548],[23.39911556],[92.88004104],[123.91522448]
51,[22.05178413],[19.7031211],[-0.46220986],[46.54020188],[13.04361246],[-0.71783136],[-63.52754045],[10.43977077],[-2.9673404]
52,[743.3068522],[99.32414026],[78.42148213],[102.76922903],[129.17229062],[106.78389956],[20.73835272],[95.91190488],[110.18555299]
53,[-85.92516703],[9.32924244],[-3.4375966],[20.28589637],[-18.22064048],[-18.26488784],[-69.37411506],[-16.69984795],[10.45678208]
54,[679.35357568],[93.6430213],[118.72659573],[69.60456403],[73.2985417],[66.41214132],[28.15624891],[126.88194246],[102.63052023]
55,[613.77941797],[85.3894804],[117.98857064],[106.1876535],[71.11135716],[94.96184596],[4.01915101],[58.4180044],[75.70335491]
56,[637.69569462],[60.51556152],[74.58548703],[94.67520291],[103.32410094],[86.39234997],[6.25598731],[123.62153365],[88.32547129]
57,[26.27003469],[22.55926921],[23.45283642],[19.41403833],[12.51525878],[-6.45679463],[-75.47157034],[31.00774425],[-0.75074734]
58,[607.93788997],[72.28447731],[103.78678733],[62.52518014],[83.0640147],[92.57943951],[7.57427214],[106.67531801],[79.44840082]
59,[698.9176917],[71.67077527],[99.37843699],[86.50044891],[73.14636311],[158.85101415],[7.49227242],[90.55754141],[111.32083946]
60,[629.32567181],[103.54438852],[85.71426449],[95.47187043],[96.31095737],[90.84710466],[-0.63857603],[106.33593363],[51.73972874]
61,[528.95470071],[63.39730141],[79.04808006],[115.58523453],[31.61275893],[67.19870092],[-1.18558139],[75.18356713],[98.11463912]
62,[640.17324678],[82.79078536],[61.88679093],[85.87293184],[107.05878161],[57.59843995],[0.26946123],[138.0227583],[106.67329756]
63,[593.32851121],[67.3360309],[75.87247427],[70.85099032],[78.67388763],[110.90959862],[1.83859282],[58.68659542],[129.16034124]
64,[237.96802696],[47.52311027],[27.42240588],[9.79631555],[47.50144062],[44.16927154],[-42.60608836],[93.00496047],[11.15661099]
65,[519.67416334],[114.07516414],[97.87465538],[43.324144],[24.88114325],[113.59762827],[-3.286088],[56.16408617],[73.04343013]
66,[457.77101259],[57.63709261],[63.90104557],[91.81027761],[62.16270983],[40.26384041],[-13.81266243],[91.40817492],[64.40053408]
67,[536.17898037],[95.60244252],[86.56114805],[53.15132772],[70.34185366],[51.22605438],[3.24387784],[113.72380051],[62.32847569]
68,[566.77522067],[73.47063167],[79.66729125],[70.25514267],[63.37818825],[38.83380157],[-7.55552003],[98.4995672],[150.22611809]
69,[619.54148762],[83.50938653],[127.03220783],[118.79947301],[60.49374161],[64.70035483],[19.53877376],[56.69513144],[88.77241861]
70,[369.77228665],[41.06741746],[52.80588018],[28.29931543],[92.61172542],[12.44154567],[-15.21820675],[88.82918992],[68.93541933]
71,[174.61973296],[36.05297098],[13.04697615],[65.18638331],[-0.39748873],[29.60562932],[-40.86615984],[23.11608364],[48.87533813]
72,[713.94476911],[100.07626707],[126.56580126],[93.13709916],[105.41840068],[114.57517959],[11.96213939],[89.44193066],[72.76795131]
73,[660.90263716],[101.93022958],[99.9902332],[75.64454551],[66.03611099],[99.37131295],[20.66143946],[81.46184588],[115.80691959]
74,[-546.28176722],[-86.44573454],[-52.58527075],[-38.43690639],[-76.88142478],[-65.5946178],[-119.79899337],[-71.95341228],[-34.5854073]
75,[751.2989812],[96.54469934],[117.28893256],[115.59462026],[127.53127819],[88.17981834],[17.22669689],[103.45767676],[85.47525886]
76,[269.67539092],[24.66324534],[49.04449661],[29.33340621],[28.23143456],[27.68948683],[-41.2891411],[103.49587142],[48.50659105]
77,[715.28943014],[124.13893441],[107.7643495],[101.3306733],[67.72139939],[74.38496256],[10.98655082],[87.90738333],[141.05517682]
78,[-230.73529796],[14.86582973],[-50.92781108],[-27.95869412],[-24.19052068],[-17.76736479],[-76.10992809],[2.69430376],[-51.3411127]
79,[680.49312949],[90.3828804],[111.4013316],[68.90529615],[80.20516841],[101.65425794],[16.06444782],[97.52523992],[114.35450725]
80,[509.78627112],[66.2241886],[37.43802882],[103.88899335],[51.01721454],[89.0721129],[-2.30184925],[89.45390228],[74.99367987]
81,[593.78892929],[96.89122135],[85.25560848],[90.70386617],[80.63420433],[57.2808659],[-2.21765867],[107.76519739],[77.47562434]
82,[575.35059031],[60.23753135],[57.98157753],[97.57972161],[160.19287614],[69.60439915],[2.02027649],[68.41322848],[59.32097955]
83,[672.37781499],[108.2042952],[95.11426047],[88.16796125],[84.10379424],[53.57920873],[8.63296459],[103.81919009],[130.75614043]
84,[653.69090321],[130.20351874],[97.90673745],[104.58870165],[119.01858562],[57.49235963],[-3.682411],[63.16915559],[84.99425553]
85,[674.53662946],[102.1715289],[104.53672126],[102.66539936],[77.00639641],[84.01956473],[8.89745698],[81.52948023],[113.71008158]
86,[641.25864061],[128.70461402],[121.06121881],[101.81297071],[47.40452316],[77.06327857],[11.4386651],[76.32374883],[77.44962141]
87,[240.61144455],[45.89419281],[47.84108625],[45.85619855],[34.32170718],[37.31876097],[-43.28006541],[55.80165831],[16.8579059]
88,[661.64457503],[118.58532219],[97.35565778],[55.04174859],[133.45936273],[54.27222314],[1.98407453],[113.45888802],[87.48729804]
89,[196.45457075],[34.28527609],[46.04830317],[45.89114827],[31.54331204],[-14.91938281],[-45.62038763],[24.20639349],[75.01990812]
90,[589.99188484],[110.70061648],[43.61708619],[114.70781464],[61.76486538],[60.35481833],[6.82484299],[128.79537594],[63.22646489]
91,[697.99597502],[121.48884178],[122.95083888],[130.07733802],[69.3092117],[96.37456668],[5.3967397],[39.70804976],[112.69038849]
92,[650.78348081],[166.71083201],[85.04854358],[109.01224334],[82.2106847],[49.91697024],[9.51582447],[81.83113565],[66.53724681]
93,[629.05565925],[102.75303391],[102.99913247],[82.94937811],[44.01258034],[74.74797894],[2.54596545],[130.47008542],[88.57750462]
94,[411.85735251],[42.68084884],[54.03487511],[76.71618513],[87.28799449],[113.20300885],[-26.32371868],[55.15937188],[9.0987869]
95,[397.8306743],[81.33164429],[70.6972949],[38.6198403],[49.8118021],[32.1710979],[-12.25804724],[30.17870411],[107.27833794]
96,[646.75309445],[87.25398557],[131.99589493],[114.97147486],[57.07010854],[72.7381864],[4.83743085],[106.0474364],[71.8385769]
97,[579.22970642],[99.73839064],[104.29886012],[45.34999668],[62.24257059],[88.9921377],[-0.26666085],[74.7446462],[104.12976534]
98,[231.41283605],[30.19910076],[51.64780948],[80.94907821],[-12.07763382],[31.05210207],[-44.82714724],[29.92643815],[64.54308845]
99,[701.37822061],[90.65771626],[82.5632664],[95.06722196],[77.81180379],[112.47602933],[3.30577618],[125.77902991],[113.71737678]
100,[682.65705573],[87.39223815],[100.27332255],[158.01112947],[80.39426344],[61.00128078],[5.99162452],[104.63385443],[84.9593424]
101,[692.90878668],[131.78300009],[93.3222219],[84.8499421],[89.58953664],[80.31005005],[17.82910736],[89.55072677],[105.67420176]
102,[710.56225341],[112.06739287],[73.70988856],[110.12551019],[109.08605592],[78.02772397],[5.01650926],[111.6655347],[110.86363793]
103,[731.21874082],[127.50012332],[105.39209861],[88.09505322],[93.24175841],[93.70088522],[8.1548114],[99.36676523],[115.7672454]
104,[23.67518928],[-14.52009505],[22.86140539],[75.1064956],[14.2397019],[10.00764204],[-68.29205504],[12.80215337],[-28.53005893]
105,[692.3784701],[104.34619189],[84.23989685],[81.26068525],[72.3893055],[132.9369624],[10.17773712],[94.54334309],[112.484348]
106,[675.50593603],[94.96065243],[51.25829108],[126.31963531],[76.5101743],[113.26627224],[18.51046815],[103.54892735],[91.13151518]
107,[586.66484203],[109.57674891],[104.70539241],[32.01585042],[84.34556158],[82.16258429],[1.72091601],[95.78190411],[76.35588431]
108,[649.5556795],[66.59090776],[107.8986393],[79.39574725],[110.828907],[117.40619795],[5.73983228],[77.91722731],[83.77822065]
109,[-255.22884026],[-30.5697087],[-22.54937435],[-27.95953503],[-9.56387941],[-7.27408501],[-108.55628068],[-17.96692485],[-30.78905223]
110,[686.36484811],[97.79316099],[118.91922696],[152.17527429],[65.27409807],[74.41054089],[2.94047355],[115.45997148],[59.39210189]
111,[688.3609956],[96.77366315],[102.81887911],[122.9265173],[75.62491275],[72.80252771],[10.71889323],[107.90491202],[98.79069032]
112,[666.90506088],[53.51224802],[91.85410746],[146.12641126],[109.29734385],[67.15789753],[15.70975989],[113.75355459],[69.4937383]
113,[295.07438027],[71.36874503],[41.84104548],[56.73265942],[64.7128595],[23.20276498],[-34.56637899],[27.29706407],[44.48562078]
114,[651.29526845],[112.41253649],[49.47070282],[94.09388063],[127.78648232],[83.99033385],[15.26813094],[78.72493694],[89.54826447]
115,[629.62820238],[83.9659865],[106.30719714],[98.13271523],[92.17394152],[41.29750681],[7.18078848],[114.69242687],[85.87763984]
116,[636.91170204],[62.76860096],[93.16551661],[149.91627309],[93.9931835],[84.35619718],[8.04264809],[77.5604179],[67.10886471]
117,[-95.51994261],[-16.68026334],[-9.02109374],[-6.77847006],[-15.00714911],[-11.06845993],[-17.04051777],[-11.0054386],[-8.91855006]
118,[692.65341475],[100.31031315],[76.09545217],[113.25059252],[69.62607932],[111.45499825],[18.05340143],[98.56618217],[105.29639575]
119,[603.57841641],[122.4089382],[110.8885816],[103.02362333],[44.16113163],[84.28431635],[-0.05675994],[87.75439716],[51.11418807]
120,[697.75782395],[119.32586929],[63.29962294],[104.17313271],[98.35362163],[123.73730059],[19.28560296],[64.20894769],[105.37372613]
121,[684.296102],[112.67415178],[73.10085999],[70.10290886],[99.65364766],[99.75401324],[14.3624525],[96.29095473],[118.35711324]
122,[668.00891687],[79.61641232],[123.41405125],[111.16991463],[79.29857292],[56.0573615],[13.96195462],[101.33762449],[103.15302514]
123,[-980.91469455],[-83.76477604],[-129.19584679],[-110.29879312],[-115.59561269],[-98.22575501],[-199.77151576],[-148.48121606],[-95.58117907]
124,[614.51844258],[91.29213831],[79.00461329],[89.48107053],[89.89512766],[108.09515411],[2.45069346],[83.45995207],[70.83969315]
125,[524.71506115],[94.51623693],[64.06107749],[73.25882865],[55.0389217],[110.67973708],[-15.49081325],[60.34102912],[82.31004344]
126,[670.5817918],[108.34993591],[100.48107779],[111.06966586],[111.67479083],[84.88429098],[8.38460103],[69.17468293],[76.56274648]
127,[727.22656472],[132.88393132],[92.90569786],[90.56855854],[93.82716622],[108.35361663],[17.33914842],[125.88350687],[65.46493885]
128,[740.97567926],[108.61888557],[84.23823353],[113.60727198],[94.92145991],[59.70626082],[9.47550687],[104.0725081],[166.33555248]
129,[33.02482598],[10.48484871],[-2.77489206],[-6.70377172],[18.16086759],[3.1598395],[-13.251829],[11.02932162],[12.92044133]
130,[113.3870202],[-4.66819783],[40.24280738],[59.3008084],[17.28021257],[12.2653556],[-50.0041787],[11.37954561],[27.59066717]
131,[713.13012042],[89.88758592],[72.50860621],[78.65598577],[128.14052752],[87.09870305],[6.11547194],[88.82182318],[161.90141684]
132,[741.43467728],[115.43729278],[145.25500681],[84.19585024],[120.32082849],[74.46354525],[9.8094716],[97.87545412],[94.07722799]
133,[-360.93848954],[-58.45012357],[1.53654048],[-49.41637757],[-74.47737739],[-30.57494342],[-107.72109028],[-54.30098142],[12.46586362]
134,[626.94494028],[103.65338946],[95.14526231],[123.22498748],[56.40795119],[48.09425128],[3.41599477],[107.336355],[89.66674879]
135,[689.59623564],[80.75321111],[133.65669698],[95.3867286],[52.81164513],[82.26229094],[12.72006116],[119.43231391],[112.57328781]
136,[290.0937626],[9.58774509],[58.85233363],[75.24130769],[40.31227269],[68.09922323],[-40.4699302],[42.01346817],[36.45734229]
137,[646.8613838],[75.62421932],[86.9731702],[116.79731003],[83.31584724],[80.96544273],[9.79501515],[89.69063951],[103.69973964]
138,[674.92024389],[122.24654154],[60.63403437],[87.57962972],[83.66576941],[57.43647904],[12.01744569],[133.94136291],[117.39898121]
139,[734.63478682],[136.05804425],[95.043969],[78.53066196],[130.56378033],[86.14482497],[10.23476051],[82.68252669],[115.37621911]
140,[558.85941811],[86.37022267],[112.9304166],[40.7365168],[57.66870973],[74.7531136],[6.61497824],[44.58270815],[135.20275232]
141,[717.72703051],[93.95912604],[92.82594126],[95.95090153],[94.9720522],[81.24564591],[18.29032283],[133.18239886],[107.30064188]
142,[685.46551803],[119.00380572],[76.62391319],[73.39475624],[51.00346945],[92.9055857],[2.41976384],[145.75871894],[124.35550495]
143,[712.05017107],[168.11931976],[64.81985317],[96.86964854],[76.66480367],[95.61077528],[2.47982372],[109.44752787],[98.03841906]
144,[30.23824407],[16.43202844],[-17.78410949],[26.56586428],[22.82279777],[35.93276256],[-78.47816464],[2.9841268],[21.76293836]
145,[661.30122505],[117.10518156],[55.49936939],[100.05510806],[84.89920701],[111.09325852],[2.94041917],[102.31525983],[87.39342152]
146,[673.53308355],[73.38907218],[111.37684241],[82.81511863],[69.69099611],[123.85889662],[5.57591393],[72.2131473],[134.61309637]
147,[653.52098912],[116.1755926],[82.70016438],[85.11639602],[126.62460753],[91.10892829],[3.36316273],[87.15574029],[61.27639727]
148,[718.72556606],[115.04960367],[94.60307257],[97.78535494],[99.86185279],[105.05169843],[13.18598577],[112.63361443],[80.55438346]
149,[-75.95396127],[-5.70143517],[-4.46497367],[-14.045454],[-7.40137025],[-12.08583886],[-16.49858227],[-10.06426679],[-5.69204026]
150,[718.38239072],[121.69877246],[72.63491074],[122.79954892],[99.09885878],[50.53395058],[11.88333843],[125.15353103],[114.57947976]
151,[455.55713061],[65.80355354],[37.14980894],[95.6985522],[41.91813968],[80.03975848],[-25.9551684],[64.32324049],[96.57924569]
152,[54.24543726],[7.35155448],[1.30088634],[1.00731496],[20.69682151],[5.39491261],[-14.93914155],[21.92796678],[11.50512213]
153,[773.36663854],[100.79617921],[145.57745916],[136.53668994],[112.41616538],[99.36333889],[1.8284288],[112.9088639],[63.93951326]
154,[234.8705751],[54.5032704],[54.62493244],[28.03785086],[58.63863824],[33.04802207],[-41.03657206],[12.64432578],[34.41010736]
155,[668.40709705],[101.90196455],[85.628651],[99.45815979],[77.43954718],[97.91983725],[17.30642025],[80.76538098],[107.98713606]
156,[670.46326963],[144.54879579],[92.4422984],[104.6683552],[42.26506838],[103.74865546],[3.16292055],[102.79798811],[76.82918773]
157,[623.93838154],[103.9084158],[91.90812268],[55.94336612],[103.26500236],[80.98242579],[3.1487049],[98.53854342],[86.24380047]
158,[240.08781275],[68.51807419],[18.46229483],[31.68727047],[14.97945016],[22.86648503],[-46.65590147],[33.05336227],[97.17677727]
159,[668.46580354],[94.3732404],[99.54469611],[116.35318252],[99.97904606],[74.04091499],[0.7782674],[103.67564544],[79.72081062]
160,[698.31449599],[76.03727565],[84.89537905],[123.59589712],[65.39408924],[118.34191718],[12.04214519],[123.88402781],[94.12376476]
161,[671.807084],[89.10141745],[123.01337674],[53.84788164],[95.0942358],[92.91597686],[8.17024609],[100.81383392],[108.8501155]
162,[-58.78179217],[-7.8688141],[-9.18407529],[12.17525362],[-14.96581696],[-6.94589586],[-79.4782385],[-3.428665],[50.91445994]
163,[-471.42655723],[-7.87157304],[-60.16492027],[-78.67409966],[-66.50521034],[-50.2287823],[-115.73244106],[-39.03753371],[-53.21199683]
164,[610.61739457],[109.02289417],[126.17181105],[108.83008399],[64.54673717],[58.74558144],[-1.14648473],[65.50717238],[78.93959909]
165,[502.95423809],[64.04227934],[41.30780018],[83.74201807],[74.27601716],[60.1791887],[-17.31686964],[65.51915138],[131.2046529]
166,[638.14590697],[116.63382946],[104.27969374],[74.18035005],[53.87827282],[118.40430916],[1.83462355],[106.47810931],[62.45671888]
167,[446.25662236],[49.20870975],[51.84094827],[94.47850798],[31.37540789],[62.82047],[-13.13683316],[79.50001252],[90.16939911]
168,[614.48275561],[116.90419129],[77.58789268],[73.98621942],[67.56650185],[86.3632665],[5.56687119],[91.94971655],[94.55809612]
169,[695.94850234],[95.04015227],[133.24827871],[118.22504749],[66.60593367],[59.6707767],[1.98876072],[116.06854539],[105.10100739]
170,[700.02638378],[108.44154314],[65.60553593],[124.99648877],[93.34845157],[48.61205273],[0.79991565],[113.57762981],[144.64476619]
171,[590.77467247],[74.70835168],[68.67861282],[121.82631633],[71.59790817],[88.04560323],[5.09964419],[100.02428245],[60.7939536]
172,[658.77886465],[146.30480359],[64.66671658],[81.86614168],[122.83307904],[80.41508431],[11.49209632],[100.6058294],[50.59511372]
173,[644.99824712],[130.72744047],[34.80684139],[51.53690547],[106.63485377],[105.27007995],[14.2754021],[121.04620555],[80.70051841]
174,[674.37363093],[111.88239114],[87.94381657],[93.67244285],[115.2986413],[159.58263375],[7.00605973],[57.25499454],[41.73265106]
175,[633.10794145],[104.86018566],[98.95313348],[64.90197106],[95.30092177],[61.31562698],[-0.50676234],[79.990669],[128.29219583]
176,[649.52605956],[93.48877011],[86.13665697],[101.20341992],[92.72520702],[88.92914447],[7.06108315],[94.63727902],[85.34449889]
177,[639.27501439],[92.40354204],[80.05416411],[73.4778766],[121.48054037],[50.41578243],[5.173734],[153.18476132],[63.08461353]
178,[366.49041455],[85.0486457],[43.1235991],[30.35241362],[46.29331995],[21.25151552],[-25.43113511],[85.69732375],[80.15473203]
179,[706.39523682],[82.06441394],[65.12509706],[127.92542553],[137.18384256],[84.63239968],[15.04978202],[78.70845321],[115.70582283]
180,[624.78033938],[114.09439478],[128.97259266],[82.42054659],[46.74797365],[78.21328772],[3.72246778],[74.18936704],[96.41970915]
181,[631.30583838],[99.9544354],[82.85060744],[129.04231054],[56.59915069],[93.87800024],[3.74200613],[78.70613589],[86.53319204]
182,[652.69626325],[96.21332076],[60.6752303],[142.65368554],[87.83350129],[64.8075416],[3.00405649],[101.87092813],[95.63799916]
183,[593.1342892],[59.58328913],[69.45184646],[110.55145271],[75.71943458],[84.74425715],[6.22832923],[57.69860635],[129.1570736]
184,[79.97168818],[-5.52721105],[-1.52944396],[67.9412454],[-31.39369856],[23.39644422],[-57.07990879],[-8.15911351],[92.32337442]
185,[670.87449484],[87.65312308],[87.57071873],[78.78417614],[124.64725875],[55.53941572],[-0.15817141],[103.03642503],[133.80154879]
186,[745.70181109],[87.78206851],[47.68204716],[130.77607163],[94.64902172],[131.91996096],[6.27622391],[174.65411154],[71.96230567]
187,[-279.50413168],[21.5594951],[-13.04473364],[9.37988775],[-45.67810633],[-54.5849591],[-108.00625844],[-40.31849795],[-48.81095907]
188,[692.46203439],[80.32545237],[82.82214386],[138.71606913],[97.08630897],[112.81727824],[0.94683546],[107.57483067],[72.17311568]
189,[713.08177233],[79.22976214],[89.43941146],[84.9583326],[86.14924343],[106.97156206],[0.90310213],[131.14505593],[134.28530258]
190,[683.00318345],[125.01682566],[87.13174187],[72.69021047],[110.28279668],[103.99612139],[2.89852563],[80.92902991],[100.05793186]
191,[656.79608239],[92.84870302],[114.1630197],[100.4095392],[69.89896923],[49.65374023],[2.36498833],[140.13360422],[87.32351846]
192,[664.52988064],[101.22161386],[102.54446737],[87.45023046],[60.72203116],[93.14376413],[5.58154066],[105.65844889],[108.2077841]
193,[690.93022894],[107.94532235],[80.97812435],[59.5149673],[106.09515614],[83.63645012],[1.28107687],[118.30609294],[133.17303888]
194,[627.54726074],[137.65198427],[42.67833085],[91.62871696],[82.12291264],[104.61713107],[3.32912],[80.96902468],[84.55004026]
195,[717.89297552],[75.46165957],[92.26521382],[129.79235478],[131.5191236],[75.87587306],[1.35852038],[110.67995665],[100.94027367]
196,[587.21118758],[91.78164484],[129.37848305],[124.18638272],[79.20224126],[41.27519255],[-3.64454791],[59.99578585],[65.03600524]
197,[312.66091362],[13.677008],[59.39211786],[54.46034771],[6.7150157],[72.86991591],[-30.4051064],[54.3676973],[81.58391755]
198,[653.47305565],[110.06823829],[61.29523554],[97.22566682],[50.13440417],[111.51927857],[1.1301804],[107.81193754],[114.28811433]
199,[608.29578179],[81.58142582],[101.94062932],[107.7166298],[83.91125042],[68.35424202],[10.23146759],[79.68293509],[74.87720172]
200,[712.37086035],[103.94570995],[88.30935475],[113.29824704],[89.67026057],[101.81094595],[12.09439611],[94.15303655],[109.08890943]
201,[669.78178946],[88.93653361],[65.8873585],[142.91865067],[55.31244711],[109.02515361],[4.74703915],[142.72041259],[60.23419423]
202,[150.20626428],[-9.18275246],[70.15652631],[65.59179553],[0.09945773],[57.61362947],[-60.82969039],[-1.82055593],[28.57785401]
203,[520.39039765],[104.569279],[42.47373595],[70.6351811],[69.01496037],[75.36634273],[1.51305567],[75.34388964],[81.47395318]
204,[603.92730767],[100.05446893],[79.56800826],[93.79679717],[68.13264784],[106.73242695],[-3.02735097],[72.80422009],[85.86608939]
205,[152.33787242],[57.39144792],[-0.18492504],[-19.35362234],[33.38322244],[13.9578583],[-53.01274641],[71.7553413],[48.40129625]
206,[790.09153661],[123.28824303],[140.2170531],[131.64699325],[101.0652306],[87.37573966],[1.68174367],[107.54014751],[97.27638579]
207,[218.15818851],[11.68071407],[69.22178419],[58.3122441],[29.78351539],[8.77945286],[-37.9361608],[40.3500534],[37.9665853]
208,[626.06651891],[130.47717691],[82.2328411],[80.7209303],[112.23084561],[76.33277093],[0.58300511],[90.41570048],[53.07324847]
209,[574.59917396],[81.56885044],[127.45301814],[53.79723189],[68.49356423],[64.44602011],[-1.4851743],[85.05175839],[95.27390505]
210,[699.71594827],[67.36450057],[79.37542897],[91.60162266],[109.36089109],[104.46595712],[0.91147073],[120.59173502],[126.04434212]
211,[653.54759506],[87.57520727],[88.10412442],[74.81948422],[83.93174572],[112.55434894],[0.40356007],[95.71383024],[110.44529417]
212,[714.73573404],[120.46561062],[70.62960409],[99.06919466],[98.88716461],[79.22451181],[3.21798948],[153.13050884],[90.11114994]
213,[574.2020888],[80.75792827],[59.94608713],[82.44425717],[70.96261601],[84.34204425],[4.75466725],[58.81462705],[132.17986167]
214,[620.62828056],[140.95249746],[102.70123607],[46.66683662],[102.66701472],[70.86888121],[2.9680001],[86.31115346],[67.49266092]
215,[230.3429415],[45.52329054],[6.52914938],[62.73620466],[41.5281154],[3.64848569],[-44.3726741],[60.00834872],[54.74202121]
216,[632.13654277],[80.56609193],[88.12388982],[96.68513095],[70.29039649],[96.6906785],[3.80054866],[81.03285972],[114.94694671]
217,[611.75016297],[115.48058262],[115.35112448],[97.53317932],[71.14514217],[47.94990867],[-7.05962937],[54.33630271],[117.01355238]
218,[733.30229198],[77.19323132],[65.40062727],[144.42791686],[104.63966923],[122.75455802],[1.37857331],[137.11760255],[80.39011342]
219,[517.22977119],[67.79244769],[40.52183783],[86.14073614],[96.49927388],[64.13205499],[-16.89488261],[126.9108747],[52.12742857]
220,[689.0438766],[119.4605184],[49.62108214],[120.8755282],[69.07331754],[111.34881077],[0.50933491],[132.64437259],[85.51091205]
221,[691.46600964],[114.3898175],[94.26576611],[128.27034954],[118.683692],[44.32897964],[1.41447593],[116.55115097],[73.56177795]
222,[686.9136391],[84.74853512],[62.96765308],[110.36805995],[120.96032882],[114.27967456],[0.44726896],[110.17177831],[82.9703403]
223,[662.57368715],[89.70305755],[122.28234445],[97.8283841],[62.66839064],[79.16419034],[3.40145824],[132.59158561],[74.93427621]
224,[-487.41449603],[-37.18681827],[-73.15643513],[-14.58562376],[-60.91562167],[-110.67104601],[-143.68794771],[-31.91007082],[-15.30093266]
225,[570.07114894],[50.70924492],[74.0431545],[150.53802514],[22.75323627],[71.29889634],[0.47563827],[79.13440512],[121.11854837]
226,[448.81814521],[87.7927244],[67.04370336],[82.05333338],[38.69654074],[40.08407014],[-3.37717336],[59.7051238],[76.81982276]
227,[623.56811782],[109.96025234],[95.63920334],[104.05892095],[85.21286728],[71.78410638],[-2.48681004],[63.08666455],[96.31291304]
228,[698.81610501],[98.86308416],[86.08338429],[98.23214959],[122.69917943],[61.87575721],[1.80567413],[133.12013473],[96.13674146]
229,[513.80066406],[81.96432646],[84.78416192],[92.09455173],[40.6824243],[98.31507391],[-14.12008996],[45.37719861],[84.7030171]
230,[678.04069964],[93.06061427],[87.50937635],[132.35933056],[54.85628675],[95.45185086],[-0.14061864],[83.24907366],[131.69478583]
231,[650.74505042],[82.52180899],[104.06132618],[85.94963342],[124.96441257],[83.07767832],[1.78208098],[105.59764881],[62.79046115]
232,[-135.21596585],[-16.43577455],[-17.1656957],[-16.50120114],[-16.95310658],[-16.32221851],[-19.11385718],[-15.4721022],[-17.25200998]
233,[560.23684896],[131.88633057],[69.72643542],[96.74884004],[80.28278669],[50.02620613],[-1.29224698],[91.28677066],[41.57172643]
234,[79.26727918],[3.98959221],[31.37663388],[15.96143568],[-21.29254791],[20.51596495],[-63.94761072],[39.87541384],[52.78839725]
235,[668.14370754],[125.45526627],[84.28059055],[115.40339149],[87.78234896],[49.71063736],[4.45742753],[93.25130497],[107.80274041]
236,[687.98829967],[117.00139907],[81.06737415],[112.15308872],[119.27612064],[70.94484231],[1.16691046],[124.82801825],[61.55054608]
237,[659.40855822],[77.2672681],[55.73098782],[106.64343008],[110.94835698],[85.87616851],[-3.42660693],[102.64099569],[123.72795796]
238,[665.49880959],[74.01360112],[68.52559908],[61.52957183],[86.18925377],[109.59429173],[0.17856965],[124.16220725],[141.30571516]
239,[672.78734608],[117.11231116],[93.18345315],[68.22265627],[56.65297735],[110.53477654],[0.08670263],[82.19662679],[144.79784219]
240,[575.61093792],[132.75332309],[38.52544654],[98.25654941],[47.72909169],[79.15052155],[-9.01138662],[72.16674432],[116.04064794]
241,[692.8449471],[53.74294647],[58.60492531],[87.12683055],[106.21622384],[152.09343543],[2.62783315],[101.76470738],[130.66804497]
242,[662.89385733],[144.74174666],[68.57257244],[106.30201813],[89.62148326],[100.71114039],[-4.0579461],[39.29997072],[117.70287182]
243,[540.26256694],[101.05111928],[71.04061607],[95.99375978],[68.75147955],[62.04135869],[-6.08848326],[55.8725892],[91.60012762]
244,[111.48039847],[-4.81644778],[35.75750212],[43.63927004],[36.06686598],[-21.02697901],[-61.68775763],[53.1806312],[30.36731355]
245,[128.73937681],[26.81033065],[25.11599921],[28.60758805],[0.67266595],[28.91396735],[-12.16809402],[1.11395578],[29.67296384]
246,[610.53933516],[115.10823408],[97.87505533],[88.22667669],[64.49764107],[95.41250701],[-5.91520685],[52.99172968],[102.34269815]
247,[567.13805081],[62.88957314],[45.25394787],[98.62677509],[70.75763253],[60.79249745],[-6.08811392],[108.09667089],[126.80906776]
248,[688.7472193],[88.36882525],[72.29641414],[145.72692454],[98.3566109],[113.43425968],[1.56296227],[90.94944027],[78.05178226]
249,[705.56516678],[108.66615604],[49.75140099],[115.70181702],[100.80734638],[86.24669023],[1.6322729],[77.008922],[165.75056123]
250,[659.04860707],[126.70901103],[120.56173354],[76.91977839],[58.0974907],[75.68986747],[-3.92607753],[119.24306247],[85.753741]
251,[640.1273909],[103.60038293],[100.9605444],[69.32300918],[80.52682712],[35.43172383],[2.71288901],[101.34587694],[146.2261375]
252,[700.04479565],[111.5397147],[60.09809455],[152.4864978],[103.77233865],[110.7530963],[7.83485032],[112.66096398],[40.89923934]
253,[678.1911329],[131.64492332],[65.68368568],[64.65955547],[76.84421348],[103.78088119],[1.46146397],[146.29589582],[87.82051396]
254,[590.75553939],[97.92431827],[50.47407837],[72.60989233],[67.79360641],[92.90379253],[0.00018508],[121.71009016],[87.33957623]
255,[687.21710874],[71.58658209],[119.37178435],[111.49480442],[61.38607978],[121.93293177],[0.00178212],[97.11081948],[104.33232472]
256,[479.89762466],[63.49855977],[106.09078321],[70.45577619],[79.12390934],[26.78892076],[-5.89254106],[63.41232521],[76.41989124]
257,[701.80888849],[96.65289518],[71.01773525],[100.10285555],[55.6153335],[99.53215837],[-1.60873163],[163.97468962],[116.52195266]
258,[625.7835169],[108.24580685],[120.29408117],[91.06665071],[98.29577303],[35.04319731],[5.522335],[108.07418338],[59.24148944]
259,[582.53532901],[66.51039956],[88.36796331],[80.68950603],[53.07297909],[141.34554495],[-2.5032816],[64.21450928],[90.83770838]
260,[650.84824505],[128.41426611],[91.19860113],[109.34817396],[49.14402792],[84.01169781],[0.54412663],[103.2881355],[84.89921598]
261,[-438.36820488],[-77.31389361],[-23.97152221],[-33.24314993],[-40.11247371],[-73.01262321],[-129.23854882],[-50.61147118],[-10.86452221]
262,[670.44070129],[136.89655965],[99.67743886],[65.8614092],[72.81263051],[87.32130252],[0.95715795],[99.3337156],[107.58048699]
263,[616.74204299],[45.33666498],[100.93508109],[87.16984163],[85.12259847],[100.22872941],[0.98255061],[103.4743418],[93.49223501]
264,[352.75301163],[22.93492884],[57.26262483],[18.21540715],[39.59179071],[109.91133861],[-32.82065219],[78.44458554],[59.21298815]
265,[569.6127432],[97.74640557],[81.03523266],[64.43872307],[43.53693577],[62.09888301],[-8.7064813],[154.74926565],[74.71377878]
266,[-296.30072863],[-10.07359282],[-81.52663461],[-11.59583361],[-7.47669645],[-40.3675902],[-112.98311567],[11.62343679],[-43.90070207]
267,[672.01112422],[82.06502049],[110.41763556],[149.28268655],[34.81263758],[74.72020628],[0.61599732],[87.91501807],[132.18192235]
268,[676.30832497],[91.3172348],[76.97652604],[99.78581254],[130.27993191],[102.28925836],[0.03306531],[115.99575458],[59.63074144]
269,[-1011.53706433],[-175.21184797],[-158.76648011],[-97.37449272],[-158.68176771],[-89.67862139],[-186.42669339],[-112.95411032],[-32.44305072]
270,[614.84717054],[107.15236185],[81.25314875],[100.96804457],[78.4247819],[87.89358916],[0.01655944],[76.53080511],[82.60787976]
271,[36.61560426],[2.60656349],[9.52022612],[1.9847636],[5.0709449],[15.60940387],[-21.28343287],[22.67195247],[0.43518267]
272,[239.80323598],[70.23732806],[0.79326548],[27.96582678],[63.28484564],[0.19698266],[-52.87425055],[64.61781565],[65.58142227]
273,[656.06487177],[104.01086307],[64.04097426],[99.66678252],[69.86324789],[125.97028471],[0.00812385],[105.37629842],[87.12829705]
274,[596.70127545],[77.46814711],[77.04561791],[101.70954589],[57.29507513],[140.73798639],[4.16728801],[75.40642754],[62.87118747]
275,[646.63207672],[77.91649059],[102.04374551],[148.30428216],[104.50721389],[67.83752132],[0.00143515],[97.54420737],[48.47718072]
276,[107.91843311],[4.98245828],[19.09108854],[32.89080581],[11.21777372],[-0.14162893],[-11.45788856],[31.97299545],[19.36282879]
277,[602.48885555],[82.82250195],[87.90203702],[84.75003399],[77.29705522],[71.06425254],[0.08794707],[108.62187387],[89.94315389]
278,[529.27442286],[87.24691835],[53.11490379],[77.6575148],[91.3784051],[69.66041098],[-14.06994441],[112.81062081],[51.47559343]
279,[-76.8806996],[22.63735493],[-1.07779319],[-4.63362736],[-39.48021295],[6.25206531],[-80.29658214],[-1.11027803],[20.82837384]
280,[-230.96409628],[27.55163477],[-76.23418072],[19.95280133],[-9.02285596],[-29.37187075],[-103.12281722],[-43.55035896],[-17.16644877]
281,[683.62092992],[101.23182992],[69.73872302],[114.20363652],[64.75477497],[84.71370717],[3.62258728],[141.34445192],[104.01121912]
282,[575.91603063],[137.31842765],[78.92808256],[40.35247257],[62.54239073],[66.24953597],[0.01220036],[110.20390822],[80.30901258]
283,[692.4525792],[130.72631795],[89.34934994],[108.68120002],[101.74817851],[85.1614507],[0.16724615],[109.5133526],[67.10548333]
284,[635.87181203],[65.31310512],[148.97406661],[123.9870859],[66.92429764],[71.41994621],[0.4751291],[90.80142315],[67.9767583]
285,[602.4487619],[99.4292774],[62.15328001],[120.15173691],[83.0569736],[73.80309186],[2.38675585],[76.26998117],[85.19766511]
286,[688.88154438],[87.00277971],[57.86221189],[153.52718985],[86.61725245],[94.0942088],[1.54962598],[145.38667622],[62.84159947]
287,[221.26511049],[66.30700094],[3.32931307],[6.4147395],[22.26448399],[66.35978541],[-43.63250708],[90.3306162],[9.89167846]
288,[-157.73128594],[-19.19434822],[-19.18379037],[-19.4794895],[-19.71356084],[-20.09312429],[-20.95492042],[-19.49313608],[-19.61891623]
289,[722.35625174],[143.39346071],[81.08650579],[107.06233308],[94.72938498],[103.68911882],[-0.94974643],[49.25166959],[144.09352521]
290,[630.85993986],[157.12632651],[50.72102421],[93.79927546],[77.20542617],[100.02302847],[-4.55816116],[83.14054814],[73.40247206]
291,[719.95042733],[76.10890636],[79.58082338],[102.92799524],[78.66523301],[134.30559209],[1.24044017],[148.43348087],[98.68795622]
292,[611.35119771],[103.67436966],[71.80153043],[100.6786017],[113.2210697],[74.04754292],[-0.04467748],[59.46363663],[88.50912415]
293,[198.626284],[0.56514551],[-5.06370686],[13.60296989],[29.97476288],[59.43503125],[-42.35718197],[112.25502522],[30.21423808]
294,[529.56684608],[70.22644537],[68.56416745],[108.73775866],[71.35724642],[102.40557101],[-0.65339917],[15.60051685],[93.32853948]
295,[699.7221842],[130.7981062],[113.29941696],[96.71412688],[88.22973534],[67.55301411],[-1.17903555],[96.03411459],[108.27270565]
296,[615.01341429],[82.56088276],[51.13405475],[60.87817784],[74.06623591],[118.3727662],[-13.54976992],[132.21704214],[109.33402462]
297,[672.67277194],[62.21773732],[91.84693759],[163.16635074],[95.48214122],[40.60246946],[-0.15268914],[76.3201934],[143.18963134]
298,[620.80350442],[72.06542741],[59.92112884],[98.6978958],[112.55010933],[96.08139908],[0.01115952],[80.2740946],[101.20228985]
299,[489.03714091],[31.12865352],[88.32967178],[143.34854224],[39.03118029],[43.91172634],[-14.78916214],[81.49816855],[76.57836032]
300,[692.1300732],[49.59002564],[79.90525639],[122.65525107],[67.16919046],[102.32976144],[2.0350496],[131.21476261],[137.23077599]
301,[641.23541282],[54.99292095],[110.60512258],[124.2695827],[44.6382827],[85.10085477],[0.00377442],[129.0129185],[92.61195621]
302,[696.85307295],[98.99373041],[76.72016011],[95.90924361],[51.98296823],[149.38683759],[0.02522819],[127.25102198],[96.58388282]
303,[659.31353093],[128.70257376],[56.92819305],[107.54703033],[99.91222138],[52.27169246],[0.25401602],[91.63764114],[122.06016279]
304,[693.28357804],[136.88258533],[107.75437506],[104.87449538],[46.30928542],[94.76499792],[0.],[121.40359919],[81.29423975]
305,[533.1511241],[65.08941636],[77.25103184],[56.7527362],[89.27473865],[95.91748073],[-6.42102696],[109.05185341],[46.23489386]
306,[592.9484623],[69.30976093],[96.93906044],[116.20958278],[38.66112037],[64.63815944],[-8.63387184],[111.74779348],[104.0768567]
307,[526.35602464],[94.60085017],[91.91863095],[11.21090151],[77.52724909],[143.30066926],[-8.81478592],[71.78074647],[44.83176312]
308,[632.95620302],[125.19732466],[66.27176846],[100.88299621],[90.03687572],[77.61705471],[3.52165858],[95.00273893],[74.42578576]
309,[670.3415964],[91.35269398],[128.545485],[114.23897073],[61.27878593],[31.56242984],[0.02777367],[126.64253649],[116.69292076]
310,[634.84850786],[84.56233066],[109.97441423],[55.80281077],[71.21188404],[145.97673915],[0.13310226],[110.35713644],[56.83009031]
311,[640.56693285],[113.47534316],[68.57709007],[62.01717978],[121.84039443],[71.07249499],[0.],[100.49602761],[103.08840281]
312,[-155.40807455],[-19.37401656],[-19.53157092],[-19.20666486],[-19.33994199],[-19.20950092],[-19.88308033],[-19.40417934],[-19.45911964]
313,[696.46808442],[169.88994507],[78.47374243],[99.2865217],[110.92473004],[43.75700812],[0.],[94.85593768],[99.28019938]
314,[673.54539771],[83.29182565],[104.54660007],[78.17837437],[135.27585247],[68.83930165],[0.01355287],[90.38863821],[113.01125242]
315,[693.39721532],[64.62420072],[75.56620936],[157.37492493],[52.06111867],[88.07176423],[0.],[160.83923877],[94.85975865]
316,[641.19516829],[93.97022429],[99.00957372],[99.41333901],[45.56139268],[94.74140206],[0.00011054],[90.08594153],[118.41318446]
317,[613.68831963],[74.47615165],[42.84254601],[82.08202199],[77.13234549],[79.72433235],[0.00655656],[118.99460813],[138.42975745]
318,[156.52887498],[16.71148623],[66.86654771],[24.48395784],[63.7807583],[-20.25841246],[-58.03089505],[18.34754651],[44.62788591]
319,[631.84029636],[158.55689731],[89.10363603],[78.98711966],[46.8057717],[122.87491402],[0.13198519],[67.03193812],[68.34803434]
320,[618.86415139],[32.66858855],[105.35237654],[100.72454887],[60.81693248],[102.76180453],[0.],[89.7798829],[126.76001752]
321,[355.77805177],[65.71555326],[90.7648208],[41.84712836],[25.9831273],[44.10641045],[-31.7856489],[58.41151081],[60.73514969]
322,[679.70436453],[100.75831028],[63.13799541],[104.7619755],[81.07127207],[130.73583367],[0.],[131.79944779],[67.43952981]
323,[673.23800865],[144.16759425],[65.45095378],[91.14178019],[96.52974935],[109.67990376],[-0.00296675],[121.99460435],[44.27638972]
324,[604.29568582],[107.02108206],[26.27813168],[96.64140697],[113.13999913],[47.10835125],[0.49988056],[95.21438531],[118.39244885]
325,[654.54580958],[58.10171465],[135.65790667],[152.13648512],[53.59556831],[89.61172317],[0.00016943],[103.3983255],[62.04391674]
326,[619.67661359],[132.04938445],[73.52511422],[97.33502373],[89.3382172],[62.2925839],[0.00261097],[90.64654588],[74.48713324]
327,[627.49451875],[75.10176438],[126.85443881],[88.1620051],[88.30713639],[63.65275945],[0.],[100.17736039],[85.23905422]
328,[659.25842759],[92.08832886],[138.90174782],[93.51917235],[50.5089683],[66.27359783],[0.],[95.72827322],[122.23833922]
329,[617.36890445],[104.32666498],[79.32209564],[79.31697139],[101.06139122],[66.78906848],[-0.2039904],[73.40997152],[113.34673162]
330,[637.45650724],[119.98859666],[46.91154612],[59.76973403],[91.2835525],[62.69247819],[0.00046288],[118.11637284],[138.69376402]
331,[639.08451202],[98.02103886],[97.8959388],[71.74047779],[100.80591788],[65.72619116],[0.],[106.86054862],[98.03439892]
332,[672.63577496],[145.68202812],[95.82818915],[80.44979793],[86.41385775],[59.47235096],[0.],[68.22821161],[136.56133944]
333,[591.07813418],[95.20492405],[81.05743036],[127.67355252],[83.84381964],[68.07989181],[0.],[84.74741233],[50.47110347]
334,[34.23800728],[8.00224806],[24.9256179],[28.26568244],[-8.61819759],[-0.85750794],[-68.96589838],[11.09439258],[40.39167021]
335,[708.36561847],[99.95678795],[113.56352965],[114.92956902],[116.96174926],[99.78030782],[-0.37060404],[87.56008948],[75.98418934]
336,[695.40854864],[50.74763389],[157.18446762],[78.97495059],[122.6598667],[108.68702652],[0.11861405],[77.82753688],[99.20845238]
337,[609.1035809],[48.85200095],[122.76418516],[80.11368247],[89.55883955],[102.88796843],[-0.01167286],[114.85216203],[50.08641516]
338,[-2279.74809429],[-283.31516354],[-312.61429958],[-224.67514541],[-289.94640451],[-278.84693295],[-357.42054246],[-255.93223411],[-276.99737173]
339,[615.63959589],[88.39605734],[65.57192429],[102.62059413],[101.08664803],[108.50802165],[0.],[74.08240885],[75.3739416]
340,[78.17025031],[49.1395378],[32.27156139],[35.41933424],[30.60698777],[20.21289359],[-61.93177818],[-4.5574442],[-22.9908421]
341,[672.25960843],[154.68463554],[70.78772506],[126.79073125],[69.50086368],[61.6251266],[0.],[74.84187248],[114.02865382]
342,[-163.18137622],[-20.75573786],[-20.54505813],[-18.95408757],[-20.95676082],[-18.98988181],[-22.62778875],[-21.0741489],[-19.27791237]
343,[652.8079938],[137.3524753],[62.82365746],[94.42824274],[97.18275175],[64.59376066],[-0.14080023],[104.20420448],[92.36370164]
344,[647.25642801],[64.69417862],[96.99267621],[99.02000844],[91.29743781],[97.03246161],[0.],[90.70492785],[107.51473747]
345,[-2042.60827367],[-317.60279275],[-271.15165042],[-179.3204799],[-276.1778585],[-258.1841028],[-329.35713998],[-227.45948339],[-183.35476593]
346,[-104.65115671],[-2.60375633],[-37.44609317],[4.30605258],[14.57979314],[-37.66627434],[-83.59161703],[36.86337522],[0.90736323]
347,[628.8133671],[76.06924816],[125.26340638],[123.00452726],[94.25996882],[53.00517846],[0.],[47.63941274],[109.57162527]
348,[595.58783009],[68.93988385],[31.45727954],[115.20244985],[88.52599265],[129.50804065],[-12.223282],[106.30550789],[67.87195764]
349,[608.27185387],[100.41198628],[21.85347381],[119.9666158],[94.4961877],[59.82456441],[0.],[69.11691978],[142.60210608]
350,[657.73207313],[95.12603567],[91.29412557],[56.43075184],[100.09230304],[57.76777235],[0.],[97.7184151],[159.30266956]
351,[-1394.41335274],[-133.19192241],[-185.4901772],[-181.34088271],[-132.57263933],[-203.2493805],[-244.41781581],[-145.9953599],[-168.15517488]
352,[595.77616406],[73.60385185],[84.60496234],[120.89079978],[98.21267099],[92.19080597],[0.],[82.06832652],[44.20474661]
353,[256.29930099],[28.47463843],[6.42554054],[37.35528958],[57.97588321],[30.33173036],[-46.41361791],[50.89742735],[91.25240941]
354,[587.46222916],[66.45210737],[84.60193495],[113.16616308],[104.14199362],[66.42067421],[-6.01757466],[52.55699914],[106.13993144]
355,[-714.09058408],[-93.77326096],[-60.70611333],[-79.58024444],[-94.43178009],[-100.37764994],[-135.66063748],[-82.98367114],[-66.5772267]
356,[572.49198202],[113.55698114],[115.34159663],[91.05385855],[57.30049038],[60.88771721],[0.],[70.36273558],[63.98860253]
357,[462.96208122],[52.28088524],[75.92377256],[139.09129801],[14.45711121],[69.54960268],[-16.14610664],[72.62121745],[55.18430072]
358,[349.27101632],[57.00279809],[32.15019331],[72.1513927],[8.25212173],[58.47354366],[-28.79979442],[94.3875364],[55.65322484]
359,[593.98305334],[122.80308152],[57.37244278],[65.10938246],[41.444848],[91.8357827],[0.],[134.71690998],[80.70060591]
360,[361.43089167],[55.59163445],[46.22770144],[99.92629636],[31.56768659],[8.50264533],[-40.80909013],[84.82831579],[75.59570184]
361,[656.53004344],[145.37114862],[64.06896527],[137.30116655],[54.30192054],[113.13653015],[-0.00970918],[84.91149309],[57.44852839]
362,[654.67724247],[99.62162689],[45.56237811],[127.42719877],[112.78584102],[87.05473771],[0.21967534],[103.59656322],[78.40922141]
363,[11.74012789],[-18.6084045],[2.28598909],[52.01199596],[48.22091933],[-25.49429055],[-77.69432411],[30.20472566],[0.81351701]
364,[681.14312854],[62.74329497],[52.47114493],[95.25735483],[136.75188737],[98.18027374],[0.],[117.11624317],[118.62292953]
365,[682.13931897],[104.58699531],[80.89379945],[66.93883001],[112.25341856],[136.34538076],[0.],[96.84639511],[84.27449977]
366,[-655.53990459],[-86.64994464],[-62.41710012],[-83.96825758],[-65.6671123],[-79.79937806],[-148.99701844],[-56.27833848],[-71.76275497]
367,[-561.77582813],[-18.26099643],[-36.40800597],[-50.48068187],[-70.36588512],[-78.68553257],[-132.67657316],[-115.91394292],[-58.98421008]
368,[562.22813555],[51.27697503],[42.22463259],[137.05702559],[49.60810065],[56.31145749],[-2.22942998],[137.41817476],[90.56119942]
369,[148.64307031],[24.95797223],[46.66370546],[12.61408845],[14.56571657],[19.46856834],[-13.0264312],[12.97230097],[30.42714949]
370,[-488.35476974],[-18.79257437],[-2.89578635],[-52.62538471],[-47.65602499],[-123.12774132],[-138.91505125],[-86.11340589],[-18.22880087]
371,[623.70766756],[122.65705499],[124.29211607],[93.1317346],[88.2407355],[40.637753],[0.],[84.34475614],[70.40351725]
372,[588.2611318],[86.59485176],[89.0143433],[137.44271871],[78.52565343],[61.80453671],[0.],[36.78970629],[98.0893216]
373,[690.67261449],[92.40986027],[79.34445042],[138.55265424],[49.06999956],[101.67382658],[0.],[85.29906358],[144.32275983]
374,[585.17795794],[36.71854479],[56.1315392],[87.97093015],[50.15510467],[120.33467813],[-1.23237683],[113.00456799],[122.09496983]
375,[444.114033],[71.50414453],[46.5755326],[61.27785459],[26.58309184],[111.56848692],[-18.89807027],[96.92426091],[48.57873188]
376,[674.70053392],[181.49809552],[75.67853755],[113.49246205],[48.26670065],[109.63173033],[-1.57166481],[88.2463885],[59.45828413]
377,[637.74787825],[129.20314714],[63.96072838],[111.49779775],[26.54354186],[86.8374029],[0.],[102.4005989],[117.30466132]
378,[562.7376089],[68.13011425],[110.74356587],[70.64742681],[40.69731178],[91.48130711],[0.],[76.38507216],[104.65281092]
379,[87.04897192],[77.38121785],[-1.60303431],[26.9818666],[-19.27090669],[13.7999447],[-63.28681071],[-21.47857879],[74.52527328]
380,[580.36330608],[79.22181707],[94.93537256],[71.88683489],[92.83143294],[79.54301481],[-0.00416633],[107.4871512],[54.46184894]
381,[630.73293202],[104.14031886],[31.89924476],[119.93633742],[106.10030424],[102.74823982],[0.],[72.43431929],[93.47416762]
382,[607.3675784],[83.58739894],[89.45799971],[93.20014406],[98.29028112],[97.68374825],[0.],[60.38788678],[84.76011954]
383,[683.10430416],[119.51277449],[117.77089523],[92.96118117],[67.85213804],[69.60961672],[0.],[86.46784037],[128.92985815]
384,[549.70345673],[28.00913215],[83.33874456],[118.63462937],[35.20599488],[59.93807048],[0.],[77.7357838],[146.84110149]
385,[612.74949045],[77.14369068],[40.79895216],[81.81267063],[53.73435521],[145.57313861],[0.],[85.63690223],[128.04978094]
386,[643.98358663],[63.98669168],[51.37672331],[105.70578111],[34.09441315],[116.56467461],[0.],[154.65071894],[117.60458383]
387,[714.59164328],[87.57158666],[96.36712632],[106.90989136],[110.59231759],[106.91463703],[-2.],[111.8854243],[96.35066003]
388,[658.14006801],[119.93836614],[72.15459096],[103.72140998],[121.20676194],[54.64147926],[0.],[71.85597907],[114.62148066]
389,[670.36172664],[92.77612219],[62.57873671],[160.35577931],[107.07199448],[75.73776855],[0.],[100.41549307],[71.42583233]
390,[592.33106105],[73.15651547],[90.40965439],[58.88336698],[60.1692528],[99.72577482],[-0.00136176],[92.22356969],[117.76428865]
391,[576.05940801],[100.15918893],[75.96480973],[34.48290183],[113.73722399],[71.93086107],[0.],[98.43936564],[81.34505682]
392,[306.42338646],[50.15463072],[35.43984555],[87.04636893],[51.74152955],[74.91458167],[-38.10888358],[13.03830815],[32.19700548]
393,[-1922.80787164],[-258.98985837],[-262.2835151],[-229.47366307],[-282.80730962],[-153.39427117],[-314.47165813],[-170.88252113],[-250.50507505]
394,[613.10421301],[124.85320347],[107.13444431],[91.41594885],[49.86679362],[72.51347132],[0.],[94.36560138],[72.95475006]
395,[-106.81099465],[-29.57484144],[-23.27316213],[-32.69887518],[48.38336299],[-29.40553648],[-90.22468817],[11.72446389],[38.25828187]
396,[617.73548036],[77.32844699],[101.526216],[75.96662916],[70.59710324],[99.15670904],[0.],[98.21639226],[94.94398367]
397,[604.46124532],[34.30361447],[94.42049722],[91.97753151],[133.509403],[55.70989627],[0.],[143.83216968],[50.70813316]
398,[-273.8937556],[-16.36824237],[0.5799959],[22.3981923],[-65.61120107],[-36.64343133],[-118.58563976],[-36.75958983],[-22.90383943]
399,[660.76174518],[97.95674959],[69.82985359],[45.90291823],[124.06630777],[113.6611565],[-5.84191442],[115.27408117],[99.91259276]
400,[-1079.4658839],[-138.92407839],[-131.16064713],[-86.20593555],[-102.87374531],[-119.55029095],[-208.0781671],[-144.93416372],[-147.73885575]
401,[581.15394112],[31.25036934],[72.30357095],[134.73643294],[53.58793824],[63.92776018],[0.],[133.00680734],[92.34106213]
402,[553.7978319],[54.70317688],[92.09850786],[92.95447316],[103.86764417],[70.70230979],[0.],[80.94351163],[58.52820841]
403,[634.32200366],[123.40340303],[77.94930502],[61.84942358],[63.16811593],[75.69284199],[0.],[127.38671646],[104.87219766]
404,[-64.80605086],[-7.39371421],[-1.86228603],[-9.05415355],[-7.41674275],[-6.38045578],[-17.81162022],[-9.21498818],[-5.67209013]
405,[670.12202967],[86.26566858],[111.43700751],[65.77841004],[78.57664798],[133.88951832],[0.],[81.30879901],[112.86597824]
406,[652.95154114],[137.82259606],[97.64437561],[114.86264089],[70.81182089],[71.45854541],[0.],[69.01896967],[91.33259262]
407,[635.66740898],[56.1667598],[76.30072548],[84.32590228],[86.95493287],[117.15495703],[0.],[98.74868069],[116.01545083]
408,[681.97709393],[88.49088473],[128.05851618],[103.20054748],[92.71059307],[54.28713511],[0.],[90.60703591],[124.62238145]
409,[251.12774825],[41.47319639],[24.80521849],[62.46413032],[27.92131955],[38.39798837],[-9.37118],[39.73113958],[25.70593555]
410,[609.38996658],[67.06082351],[109.16931968],[83.24911472],[42.89091842],[41.39372716],[0.],[107.92636076],[157.69970232]
411,[651.48079226],[134.48469188],[114.22602105],[109.84756919],[43.59937116],[85.94157509],[0.],[79.69937426],[83.68218964]
412,[635.6326546],[66.06650274],[87.89877844],[115.13185244],[95.89542696],[59.11248225],[0.],[78.88853898],[132.63907278]
413,[638.84549748],[121.63002541],[95.74493501],[79.45009368],[24.73925952],[104.02560567],[0.],[88.85521115],[124.40036704]
414,[-1734.70555672],[-243.46829711],[-243.20653325],[-203.25294652],[-228.01741545],[-179.76909458],[-296.87143761],[-190.2305948],[-149.88923739]
415,[-909.35884655],[-90.53782676],[-144.21444285],[-127.69179211],[-97.4122258],[-123.27187053],[-183.23256559],[-83.48504321],[-59.51307969]
416,[610.72840348],[67.23148622],[69.5233112],[115.83360748],[93.50311175],[65.86183384],[-0.0101342],[112.4925498],[86.29263739]
417,[580.97668859],[130.12714488],[72.83330088],[35.47313509],[119.65370561],[29.77728369],[0.],[109.31744866],[83.79466979]
418,[681.78090464],[93.32538608],[69.51526108],[133.07271088],[102.33368465],[90.5816197],[0.],[83.72289244],[109.22934981]
419,[668.52715951],[68.81891357],[63.23509853],[89.30801613],[133.04282977],[117.30878267],[0.],[112.25232255],[84.56119629]
420,[609.66789082],[95.49053033],[57.93342398],[156.17110264],[72.65823928],[96.88403169],[0.],[24.15313958],[106.37742331]
421,[203.55530649],[45.51470485],[46.34574679],[57.45152919],[38.41900221],[2.77809703],[-54.53521458],[50.24864608],[17.33279491]
422,[150.85475692],[24.63827393],[14.23975255],[32.51249615],[30.90969952],[16.73122273],[-12.2516558],[10.67892389],[33.39604395]
423,[-68.4930826],[-6.45837307],[-5.52775089],[-9.04652378],[-9.03397322],[-9.9657852],[-17.81162022],[-9.87403378],[-0.77502243]
424,[402.59566896],[58.69411701],[59.06520571],[45.89236497],[68.34122665],[59.64474209],[-16.07493211],[50.62353954],[76.40940509]
425,[-857.07962084],[-105.44931928],[-138.53730529],[-61.24335212],[-73.86949599],[-82.93740531],[-181.7359469],[-115.35399183],[-97.95280412]
426,[529.67765462],[76.50481411],[103.98934632],[114.64102109],[44.89721315],[82.25029218],[-9.4535115],[62.00809836],[54.8403809]
427,[-1255.58967188],[-168.27976303],[-147.72689805],[-162.95064434],[-95.15734244],[-138.92864133],[-221.4275056],[-157.98444357],[-163.13443352]
428,[544.81129761],[104.87808802],[48.13553351],[75.28215261],[70.48837072],[116.13795836],[-5.27552822],[79.5293527],[55.6353699]
429,[518.40078417],[59.43717428],[84.27314582],[123.29682718],[66.89220447],[66.48733062],[-10.95041181],[90.72967414],[38.23483948]
430,[686.41592731],[108.22423517],[44.47918429],[150.33208689],[87.63634949],[79.73824562],[0.],[97.84481583],[118.16101001]
431,[563.21348384],[127.6433594],[74.54155118],[79.5839952],[54.67122199],[78.08877423],[-7.55037214],[56.22648819],[100.00846579]
432,[677.62250853],[111.91633171],[111.97135882],[123.37727698],[61.35502536],[68.26493499],[0.],[58.05382532],[142.68375536]
433,[661.83907966],[76.28991196],[69.31401612],[76.12404418],[108.97036034],[48.55921373],[0.],[118.66892128],[163.91261205]
434,[-497.48042008],[-29.72264347],[-77.512059],[-30.83209861],[-43.14270008],[-50.74280135],[-143.73055917],[-40.93440198],[-80.86315641]
435,[640.89049898],[90.55042248],[38.71056702],[81.5150755],[81.43685712],[89.43281043],[0.],[160.65959702],[98.58516941]
436,[581.51620783],[47.37865078],[61.44054582],[107.83406841],[50.11978196],[86.93579898],[0.],[58.76538264],[169.04197924]
437,[677.19460021],[144.5215275],[104.0070646],[73.55034663],[79.01694115],[62.8449107],[-8.0967532e-05],[138.32780107],[74.92608953]
438,[695.94469304],[108.62313652],[95.26911635],[140.74467486],[53.08328224],[113.11471991],[0.],[103.91436011],[81.19540305]
439,[620.56740895],[106.24258119],[113.20174211],[86.76920994],[68.18523198],[86.03720709],[-0.00106588],[65.73157938],[94.40092314]
440,[685.68760239],[94.59877937],[59.26604967],[119.83339981],[142.04097162],[86.52132236],[0.],[86.06972289],[97.35735667]
441,[573.5075198],[113.57875255],[64.03445829],[93.09877382],[90.06498376],[77.68585471],[-2.],[83.48540258],[53.55929409]
442,[643.99904881],[195.78711105],[67.42639271],[116.62757625],[69.87492809],[90.70510483],[0.],[55.92643056],[47.65150531]
443,[582.72765535],[77.64076397],[70.42505541],[98.89625965],[71.48176159],[81.21211606],[0.],[71.07475556],[111.9969431]
444,[618.02477677],[72.88293516],[73.85062815],[118.65888658],[40.01439531],[108.97203326],[0.],[124.29461797],[79.35128035]
445,[621.76573823],[100.4576795],[59.15636263],[124.63487125],[99.04311625],[45.09463079],[0.],[85.12063282],[108.25844498]
446,[522.58357863],[133.11892716],[69.49679574],[47.24438935],[53.82603575],[59.87489185],[-15.19126369],[107.51819272],[66.69560975]
447,[568.39489029],[111.8054613],[106.89541274],[76.42600848],[77.75936801],[45.40490464],[0.],[77.24553039],[72.85820472]
448,[537.46479056],[99.59463538],[58.56398313],[28.9859399],[55.29294143],[84.10212814],[0.],[46.9165956],[164.00856699]
449,[-160.4030066],[-30.44035669],[17.68681898],[31.14323028],[-40.81613925],[-24.61499873],[-100.05482948],[-29.99600636],[16.68927465]
450,[597.32433397],[133.24693011],[96.79000064],[89.33799943],[70.34346073],[86.94297219],[-1.62],[46.59678542],[75.68618544]
451,[-285.01397793],[-0.57526402],[-38.90082913],[-42.45243044],[35.25192374],[-49.76472087],[-115.62330421],[-66.42540149],[-6.52395153]
452,[172.12975232],[-11.69075306],[18.95494936],[56.86963277],[-15.12078195],[32.95375971],[-59.36136263],[76.79029947],[72.73400864]
453,[667.18216296],[106.31887133],[100.91098971],[93.57764715],[83.91089581],[51.53792258],[-0.08194371],[120.44111745],[110.56666265]
454,[620.04750363],[140.11096144],[107.58254365],[73.43570598],[70.59837196],[56.54865305],[0.],[89.15947],[82.61179755]
455,[34.47493629],[14.0033652],[10.08277181],[5.19821141],[5.28935228],[11.44308819],[-15.42822597],[-0.26355604],[4.14992941]
456,[675.53290869],[117.27936106],[85.45382795],[129.29582759],[85.08910909],[114.04515603],[0.],[65.13195075],[79.23767622]
457,[123.77393633],[-18.7241405],[-10.10644694],[38.48011428],[6.80009799],[43.98464433],[-59.27291781],[61.37812522],[61.23445976]
458,[610.4898135],[107.04262877],[88.51349864],[127.5234998],[83.23419755],[76.7563789],[-0.00039306],[55.17110046],[72.24890244]
459,[551.77787196],[114.55400082],[53.61218339],[45.99571594],[48.17980467],[126.11800071],[-12.22087964],[55.33629022],[120.20275585]
460,[-1363.19646297],[-155.75637324],[-171.50748536],[-201.65409716],[-184.86553722],[-151.21254439],[-243.37816601],[-125.96920147],[-128.85305812]
461,[-72.54782501],[-6.42512397],[-11.34451936],[-4.22186858],[-7.00869416],[-8.5186896],[-18.0304582],[-9.98578119],[-7.01268996]
462,[637.99533534],[91.23014016],[121.20758724],[67.10635822],[83.85174382],[77.18332916],[0.],[60.95044318],[136.46573356]
463,[564.23705758],[84.42692843],[71.95086124],[74.36458848],[66.11035212],[105.27697927],[-1.8],[26.05623665],[137.85111139]
464,[-1403.37310896],[-114.45497188],[-198.48439074],[-190.23298279],[-192.92268234],[-140.83734685],[-240.67076924],[-190.64654273],[-135.12342238]
465,[-541.81266103],[-56.84835965],[-98.17413049],[-53.54856057],[-41.91602749],[-90.93267247],[-145.96444856],[-0.4121199],[-54.01634189]
466,[601.52778508],[70.62736382],[61.38700127],[133.80647849],[118.29411823],[31.27877625],[-10.17134628],[95.74215397],[100.56323933]
467,[545.61854968],[59.5009477],[87.12537061],[77.16702507],[120.38392592],[87.78939091],[-9.44501237],[70.1955155],[52.90138634]
468,[571.06115151],[102.88162871],[87.40640883],[54.91655692],[60.75056003],[88.90789087],[0.],[84.37602785],[91.82207831]
469,[701.31944149],[105.77484672],[52.97214087],[97.61357791],[86.72023909],[80.6701521],[0.],[168.74695734],[108.82152746]
470,[649.20497064],[91.50816398],[102.35347881],[114.5311732],[56.68676248],[104.87560057],[0.],[105.6039749],[73.6458167]
471,[572.61483642],[69.11204796],[60.76450698],[99.81260141],[126.8784323],[74.37320282],[0.],[63.81532381],[77.85872114]
472,[661.95570281],[89.30101003],[129.79434271],[43.85915466],[59.46389326],[83.82835025],[0.],[141.45981379],[114.24913811]
473,[691.95319878],[131.97776561],[128.77211849],[141.41695783],[53.06659261],[81.98705882],[0.],[62.72672289],[92.00598254]
474,[569.05745779],[48.82944902],[130.47248093],[99.99211631],[59.22297773],[64.56855574],[0.],[97.63723275],[68.33464532]
475,[-990.33146729],[-137.89695589],[-125.36076248],[-74.82545759],[-126.42298229],[-151.54018608],[-192.02651463],[-93.33512427],[-88.92348406]
476,[632.98042207],[97.42955104],[59.81763577],[119.0133977],[107.77424857],[88.52159013],[-0.00140545],[58.88813356],[101.53727076]
477,[624.98006734],[71.55306466],[73.19088393],[61.37705707],[113.2580212],[75.48585125],[0.],[124.75127153],[105.36391771]
478,[95.74465641],[19.04923405],[8.53297756],[13.42655613],[-7.57917759],[65.45129061],[-29.05967186],[-2.1458903],[28.06933781]
479,[172.4436877],[31.844543],[-16.09980489],[30.18189883],[-1.14455822],[44.01782528],[-62.33488837],[63.1354022],[82.84326986]
480,[659.90217945],[69.46778333],[75.61002125],[134.53482367],[79.79733444],[102.65482896],[-0.01900667],[123.32096456],[74.53542992]
481,[677.98461859],[107.66165044],[105.68275868],[66.19825954],[71.5560402],[114.62235093],[0.],[111.68858393],[100.57497486]
482,[573.85998245],[70.99989264],[74.09237355],[64.1091843],[66.19793951],[57.61291703],[0.],[137.17774351],[103.66993191]
483,[612.24000282],[73.80552418],[58.30085578],[63.4041656],[104.26995649],[87.53045441],[-0.01436382],[95.61421353],[129.32919664]
484,[658.40951891],[81.9648618],[92.0883356],[77.53452813],[114.15569621],[42.1406544],[0.],[138.79907605],[111.72636672]
485,[399.64588851],[44.14834789],[41.10638164],[50.38207661],[69.08268787],[81.05744487],[-5.42],[101.19922832],[18.08972132]
486,[355.39429499],[78.30349976],[44.54931569],[54.05739457],[49.47147437],[25.14330687],[-28.8937854],[98.76810026],[33.99498886]
487,[589.77165165],[80.71993108],[30.09555707],[114.27079632],[64.56571676],[112.16117816],[-1.43453836],[123.79072657],[65.60228405]
488,[694.33468319],[132.93959792],[97.3838515],[63.18967319],[57.20181578],[126.28950395],[0.],[110.47599995],[106.8542409]
489,[587.53854525],[118.74516597],[63.33603117],[104.94551762],[33.84591202],[96.34597893],[0.],[113.95414514],[56.36579439]
490,[563.3732899],[87.34955026],[98.65820945],[92.68216222],[43.48706187],[76.81682027],[-1.76023888],[65.02569294],[101.11403178]
491,[-115.22182365],[-14.28953052],[-10.57090359],[-13.45395075],[-15.72383087],[-13.26316461],[-18.83700526],[-17.242756],[-11.84068205]
492,[565.68875054],[58.5061503],[91.12698861],[102.89645149],[35.77154822],[79.68094969],[0.],[111.05729235],[86.64936988]
493,[623.07118267],[65.7631444],[92.36930859],[121.13194721],[104.48307836],[46.89999425],[0.],[101.35672659],[91.06698327]
494,[616.034739],[89.36494448],[79.48302617],[56.77274835],[101.78071977],[58.37868023],[-6.46109966],[106.52927205],[130.18644762]
495,[657.90061995],[115.02581794],[81.20765933],[96.13161176],[60.3559874],[120.03472975],[0.],[67.06898108],[118.07583269]
496,[634.09718136],[33.75209907],[144.60660746],[112.91178074],[63.79949796],[73.7326766],[0.],[106.55874812],[98.73577141]
497,[-821.3846166],[-88.16846842],[-99.72331885],[-121.13352935],[-104.51607494],[-78.5726171],[-176.85040061],[-63.33635683],[-89.08385051]
498,[-999.32515319],[-101.6100254],[-128.95592379],[-130.37898886],[-77.22207596],[-123.44128978],[-201.90083024],[-141.16970657],[-94.64631259]
499,[588.33603635],[56.80027287],[71.30089551],[94.92480504],[45.96667281],[94.83406793],[-0.77236868],[115.07297609],[110.20871479]
500,[305.14582132],[64.57125048],[42.64453227],[93.55905068],[50.37646811],[24.57045086],[-30.24072159],[30.92007661],[28.74471389]
501,[596.69694262],[121.04943687],[67.83228618],[72.29933341],[37.8946203],[63.67529126],[-3.52398226],[116.62055063],[120.84940623]
502,[671.04920531],[75.43319965],[88.32058102],[113.06572754],[108.82471385],[72.20347321],[0.],[130.66732426],[82.53418577]
503,[598.38736852],[86.52258963],[109.15367342],[77.59474477],[96.69573307],[61.94845486],[0.],[95.98085244],[70.49132031]
504,[628.35215742],[66.39525541],[62.7829999],[145.74974386],[82.20260462],[94.12627229],[-0.00101177],[79.8732678],[97.22302531]
505,[640.0310579],[117.57016077],[117.6575909],[96.99225742],[58.32835599],[36.38432374],[0.],[145.16970704],[67.92866204]
506,[667.76760866],[138.78661519],[71.39735439],[89.2740261],[77.76357546],[72.71057353],[0.],[96.06236316],[121.77310084]
507,[382.44751761],[118.99642497],[43.59579677],[72.27109584],[57.82417617],[36.29324119],[-38.55372287],[30.51580239],[61.50470316]
508,[636.43046993],[35.97752472],[122.396005],[66.75365663],[142.20006181],[49.76667692],[0.],[69.42238911],[149.91415575]
509,[614.46755036],[82.24866311],[81.95395102],[80.14646003],[102.184971],[59.86134124],[0.],[109.0085838],[99.06358017]
510,[286.89741045],[48.07512098],[42.47814872],[59.40683431],[55.08802486],[28.31228218],[-38.0900818],[65.72088395],[25.90619725]
511,[676.35556474],[111.27489277],[82.51467668],[71.67549686],[45.59071453],[132.24050324],[0.],[102.08874919],[130.97053146]
512,[333.29648676],[52.89996674],[30.10966704],[48.23871425],[15.84517441],[55.48102249],[-6.878],[63.01502577],[74.58491605]
513,[435.34918666],[84.44562733],[59.35798616],[84.00814127],[67.3504721],[35.56108761],[-3.8],[81.74886851],[26.67700368]
514,[548.73880717],[67.6743924],[79.92084531],[71.61621245],[80.87635012],[74.97376913],[0.],[93.79012784],[79.88710992]
515,[549.88118453],[96.19951588],[77.45576613],[61.73214516],[63.90583073],[116.05221732],[-8.40232304],[59.60784048],[83.33019188]
516,[605.48990343],[86.73330059],[53.56620658],[130.49253853],[82.17349934],[46.57449692],[0.],[94.91352612],[111.03633536]
517,[625.30317559],[110.50812742],[79.12294943],[100.52408524],[34.88330715],[145.83030584],[-0.36508401],[56.19893884],[98.60054566]
518,[594.16606218],[52.47324458],[114.23964613],[83.29720696],[90.26557256],[79.01687508],[0.],[88.21498616],[86.65853071]
519,[656.22113447],[78.68780112],[76.24912724],[75.22833687],[118.55600309],[95.35327457],[-0.00030895],[93.36954261],[118.77735792]
520,[646.99686436],[62.55023008],[104.84610249],[81.06544645],[117.91382768],[76.82224808],[-0.00241546],[104.52358371],[99.27784132]
521,[487.83526281],[97.90649048],[43.80911917],[73.57957517],[74.24724786],[64.56239821],[-2.25113544],[82.73216842],[53.24939895]
522,[636.32420226],[71.49101943],[73.61987019],[120.79878394],[47.81141324],[85.56605656],[-0.19058029],[115.84276331],[121.38487588]
523,[633.16561829],[110.74426041],[90.50127633],[76.61676911],[66.1456964],[62.61192187],[0.],[101.90489292],[124.64080125]
524,[589.54081417],[93.71062513],[104.089883],[94.7549598],[66.056383],[76.73475372],[0.],[51.83204296],[102.36216656]
525,[632.99910674],[105.83305212],[108.04949616],[66.70577816],[83.34023484],[87.02414535],[0.],[52.35096381],[129.6954363]
526,[674.19708059],[107.02865468],[63.50440252],[106.40944305],[39.6928519],[120.21036631],[0.],[129.1168482],[108.23451395]
527,[680.30355001],[67.13044971],[105.17705759],[77.56865826],[146.92261897],[56.61533771],[-0.04830612],[109.03946467],[117.89826922]
528,[663.8767036],[102.14774061],[132.24119052],[89.73906299],[111.49109429],[43.77781802],[0.],[121.44953655],[63.03026063]
529,[489.57735558],[74.48893033],[73.84932842],[40.76597742],[92.35375492],[69.27850967],[-14.1505268],[57.84148981],[95.14989182]
530,[581.5023673],[88.44543438],[77.89587796],[99.04502553],[75.69355741],[61.56632844],[0.],[76.32951537],[102.52662821]
531,[637.1370822],[101.87012551],[108.73693576],[105.78861753],[62.94984678],[78.98835458],[0.],[132.05072996],[46.75247208]
532,[537.47286493],[64.2105513],[150.54757326],[54.04442458],[49.41001055],[80.30848308],[-6.77182782],[41.06322174],[104.66042825]
533,[165.4647193],[25.28425068],[28.44061797],[31.90671468],[5.26614588],[32.50951629],[-16.06907494],[28.87906867],[29.24748006]
534,[561.27259248],[139.24573659],[114.6195727],[91.22031678],[42.31191174],[103.85711909],[-14.02024783],[22.50525467],[61.53292874]
535,[65.90312149],[47.52640072],[-0.84126517],[8.09237238],[7.31872798],[8.67474967],[-71.84458308],[18.41260316],[48.56411583]
536,[612.50592748],[119.03293515],[119.31113163],[91.18484181],[72.7363552],[74.69502142],[-1.45749258],[77.55650319],[59.44663166]
537,[593.51332355],[94.57261668],[122.91410711],[94.42158601],[44.84586877],[49.50766173],[0.],[109.45017856],[77.80130469]
538,[603.7187901],[147.02448101],[125.67473102],[70.11760826],[60.74386058],[52.26061738],[0.],[31.13153236],[116.76595947]
539,[604.52886438],[113.91616202],[77.65847097],[156.52967393],[61.79319376],[89.77983133],[0.],[44.78221573],[60.06931663]
540,[627.31787655],[68.95231595],[95.86864754],[84.21223772],[71.99191665],[77.84343131],[0.],[154.78975369],[73.65957368]
541,[559.88452646],[115.83097912],[68.09320172],[94.53061794],[52.67788361],[64.03682974],[-5.09208968],[72.27434896],[97.53275504]
542,[588.57356879],[112.20755669],[97.19802953],[104.81822303],[41.83944768],[71.66673558],[0.],[76.18216482],[84.66141146]
543,[590.98636089],[138.09136076],[43.99244169],[102.41094775],[85.15196835],[59.9347857],[-6.65133856],[69.03866026],[99.01753495]
544,[628.50421374],[93.24842239],[51.36807651],[101.63141106],[29.10687537],[107.55372657],[0.],[157.37141666],[88.22428518]
545,[592.22400812],[67.76579405],[85.64637084],[101.79228231],[47.34148092],[59.65413613],[0.],[163.00345344],[67.02049043]
546,[646.65020428],[73.93378906],[98.73729472],[100.84518951],[60.18708974],[65.56137332],[0.],[89.62752283],[157.75794509]
547,[36.74153134],[15.47667276],[36.21496302],[-26.57993412],[35.24420631],[19.43894995],[-68.83768401],[4.6304659],[21.15389153]
548,[-137.96702332],[-16.8906762],[-16.47253691],[-16.13381186],[-17.67386674],[-16.75667809],[-19.4993689],[-17.5350198],[-17.00506481]
549,[642.64242702],[107.38133616],[67.36311592],[98.12934035],[84.56233818],[96.46367371],[0.],[100.39586002],[88.34676269]
550,[553.51893808],[94.37718207],[72.2562634],[106.15527878],[95.14327832],[61.69748138],[-3.21688916],[102.85758341],[24.24875988]
551,[580.97840816],[102.42007861],[103.73119994],[64.59595447],[88.56918853],[63.1274481],[-3.1122],[62.46875181],[99.1779867]
552,[673.8222899],[81.90452032],[120.12792432],[144.61600579],[57.58830646],[75.87407043],[-0.02843563],[87.91615086],[105.82374735]
553,[-96.36907913],[-13.10043535],[-11.17556417],[-9.60271154],[-11.04158898],[-11.40105907],[-18.40467114],[-12.33686325],[-9.30618563]
554,[-1699.51267746],[-188.70169284],[-166.60309315],[-162.486626],[-199.64873946],[-242.42013836],[-284.41256172],[-212.08170636],[-243.15811957]
555,[652.9085266],[86.0763525],[74.66872045],[131.5360086],[65.44020442],[96.26664373],[0.],[101.38885886],[97.53173805]
556,[-82.95820242],[-8.75959549],[-13.24554507],[-4.55298187],[-12.07983034],[-6.91595184],[-18.0304582],[-12.00652009],[-7.36731952]
557,[-57.07596611],[-2.06948106],[-6.26133706],[-3.88297558],[-4.90168752],[-4.98282033],[-19.00803303],[-6.25772658],[-9.71190495]
558,[573.25912787],[99.29354094],[47.49123055],[100.85552142],[103.1698614],[80.20307716],[-5.20410912],[49.65476383],[97.79524169]
559,[376.98101186],[102.94815186],[51.71321681],[69.24092849],[1.57808624],[76.31769677],[-27.35884394],[79.58110547],[22.96067016]
560,[621.44783824],[62.26130909],[62.78708928],[93.20631535],[70.69059963],[103.29246901],[0.],[145.7112867],[83.49876917]
561,[-18.93363361],[-7.23004329],[1.15638102],[-1.72146432],[-4.62902141],[1.00756856],[-16.85795129],[2.42692297],[6.91397416]
562,[328.51279694],[93.68303704],[80.08430515],[80.95116878],[7.04651815],[32.27005455],[-42.87454019],[13.52143773],[63.83081573]
563,[598.98393658],[43.15417855],[116.90061109],[71.53825131],[104.83679356],[92.94064223],[-1.89780698],[94.44574944],[77.06551737]
564,[51.21741023],[8.29092943],[11.83202004],[13.69129778],[4.07337875],[20.25139834],[-14.91626834],[4.58250353],[3.4121507]
565,[622.84010564],[31.05470582],[128.09391592],[140.52662408],[64.060224],[76.43105484],[-6.71971296],[66.08129298],[123.31200097]
566,[597.62013779],[59.23430395],[90.01111394],[125.37929542],[98.87106882],[60.60900661],[-7.61533618],[72.08229149],[99.04839372]
567,[624.48377087],[104.31415181],[58.45551952],[138.250619],[62.74394121],[85.22352397],[0.],[104.93980498],[70.55621039]
568,[428.31119927],[62.71492112],[54.360156],[68.86972182],[86.1986692],[40.55150389],[-24.98746551],[64.02904306],[76.57464968]
569,[-1502.09760391],[-183.26006375],[-204.81033029],[-199.61870993],[-134.83678417],[-185.58925967],[-266.2573717],[-157.31012249],[-170.41496192]
570,[511.55474855],[108.10220274],[70.42336576],[69.10199321],[99.72457835],[25.31714198],[-15.30450826],[65.54474929],[88.64522548]
571,[653.49649322],[104.75486046],[103.21895198],[77.36814181],[78.88353963],[67.12800691],[0.],[113.81157504],[108.33141739]
572,[641.73327665],[61.50936936],[85.89189268],[132.08747512],[34.48291819],[84.37207857],[0.],[111.37467157],[132.01487115]
573,[12.65595291],[30.02629375],[12.26353616],[10.82273873],[-13.51547527],[40.33201049],[-84.57735685],[-20.75943006],[38.06363594]
574,[380.92045392],[22.85497502],[46.56775505],[14.82061211],[135.12737679],[68.22418792],[-26.96226867],[55.08876402],[65.19905168]
575,[290.91853112],[68.01234545],[30.76219913],[21.20564319],[41.77847479],[64.74334047],[-9.37139942],[32.18538855],[41.60253895]
576,[661.57642663],[108.05851152],[76.02657962],[90.23308478],[134.70046862],[62.25062325],[-3.42530747],[94.70914016],[99.02332614]
577,[417.9506861],[61.10628478],[81.13691716],[71.25871479],[19.59025987],[44.44778029],[-13.74010828],[78.11645764],[76.03437984]
578,[554.33241523],[75.13249444],[50.81732404],[33.42642252],[127.11874382],[66.58020833],[-8.0967532e-05],[123.83338601],[77.42391705]
579,[567.19268982],[44.29663427],[54.95151928],[129.69765135],[53.99919818],[109.67713096],[-7.83508406],[79.87307022],[102.53256962]
580,[-134.55723877],[-15.53897491],[-16.4215182],[-18.27324835],[-15.62821664],[-16.01518269],[-19.49948765],[-16.06689368],[-17.11371665]
581,[666.0986873],[63.27407665],[65.6537617],[160.26101476],[146.3965946],[35.21579718],[0.],[80.67934388],[114.61809853]
582,[600.62186177],[42.33591325],[116.21811629],[107.71804624],[81.97841158],[83.64524483],[0.],[59.12347994],[109.60264965]
583,[-153.62301108],[-18.97204347],[-19.21815731],[-19.02719889],[-19.34065631],[-18.9377415],[-19.84289666],[-19.22529278],[-19.05902415]
584,[611.35968568],[78.42831591],[72.73756962],[157.83497227],[106.98412106],[40.38487788],[0.],[84.13112821],[70.85870074]
585,[694.41754128],[106.71640766],[59.70759686],[135.0925493],[89.77956389],[96.19967203],[0.],[95.88909777],[111.03265376]
586,[602.85524677],[100.32825084],[53.93716629],[92.48935388],[77.7173966],[105.9134169],[-0.01488226],[83.81829376],[88.66625076]
587,[528.41531635],[54.82256577],[77.95739485],[88.71965336],[83.18062698],[66.61377324],[0.],[95.68083295],[61.4404692]
588,[657.27862824],[118.69586166],[71.76638702],[94.85907972],[133.40739002],[25.40713254],[0.],[115.23293962],[97.90983766]
589,[683.38431655],[141.94511463],[85.18518126],[94.37477068],[99.10756147],[46.28630795],[-0.0133033],[78.99762124],[137.50106261]
590,[660.9502591],[89.10021531],[109.4564087],[75.27883678],[64.75521075],[185.21427896],[0.],[60.10122258],[77.04408602]
591,[648.86011002],[114.84200745],[66.73442708],[97.21528275],[87.33692084],[47.04979537],[-0.00385043],[126.21649857],[109.46902838]
592,[40.09859215],[23.42144918],[-2.13206077],[43.82657873],[-34.55618367],[33.67927524],[-70.17564327],[-8.6264591],[54.6616358]
593,[513.52861092],[58.31960266],[93.20157596],[17.59356854],[132.5566654],[69.54697813],[-10.00326449],[107.43284065],[44.88064407]
594,[646.62622549],[95.36772043],[115.83025771],[85.74403283],[72.47958866],[92.39010341],[0.],[78.51573712],[106.29878533]
595,[656.06065376],[103.88486886],[39.30099891],[162.59282637],[58.41161925],[94.04650407],[0.],[105.75446005],[92.06937624]
596,[-462.46484609],[-41.38665597],[-91.05069133],[-40.02973606],[-41.66750881],[-36.95922035],[-130.30966376],[-47.9674701],[-33.09389971]
597,[558.81588172],[27.68471802],[110.38632977],[110.23696279],[65.70372343],[71.21046138],[0.],[54.56957206],[119.02411427]
598,[657.28523038],[118.92739838],[119.30355313],[142.08559357],[48.47094211],[69.1154357],[0.],[109.44382176],[49.93848573]
599,[676.34614469],[121.54314695],[78.1133156],[79.67796575],[94.11848351],[123.27306054],[0.],[105.4237113],[74.19646104]
600,[-988.77610836],[-145.9072591],[-111.36881048],[-55.8063971],[-119.08979456],[-129.93368175],[-188.90096983],[-148.9558623],[-88.81333324]
601,[564.52984969],[64.28948782],[89.50753702],[78.71864058],[114.94370034],[111.48091552],[0.],[31.64720912],[73.94235929]
602,[579.18809858],[76.15520526],[73.43462593],[64.51828023],[77.46192592],[80.35280524],[0.],[108.98793928],[98.27731673]
603,[594.24484131],[95.72583377],[38.18055384],[101.78101893],[165.41978297],[65.6980321],[-8.0404885],[50.3875321],[85.09257612]
604,[-33.08913956],[7.67522649],[3.76442274],[35.31093686],[-18.63546863],[22.35353213],[-69.10605591],[0.61183307],[-15.06356631]
605,[621.67723943],[71.55465865],[70.69146956],[124.61586303],[45.05961537],[114.17253968],[-0.00023995],[69.05910496],[126.52422813]
606,[508.07679284],[77.76179391],[74.30692919],[104.47255024],[62.48367941],[67.57564382],[-11.53632696],[58.4575508],[74.55497244]
607,[560.94798053],[149.85860651],[59.75848999],[90.6922033],[56.68348303],[120.65854499],[-1.07910849],[52.15335427],[32.22240693]
608,[630.49421142],[62.09481214],[110.97348296],[146.97592905],[65.70525469],[56.00015371],[-0.10454609],[106.97926271],[81.86986226]
609,[522.596394],[107.44108108],[55.50959172],[18.15816083],[147.81647389],[75.10228771],[-12.81142197],[80.94643347],[50.43378727]
610,[309.52415122],[85.33981467],[21.40162079],[42.46959356],[43.20513141],[44.53971405],[-8.1902],[49.31503411],[31.44344262]
611,[604.36862172],[80.12360946],[93.19168229],[86.03971687],[87.5932445],[78.25422156],[0.],[103.25696365],[75.90918338]
612,[636.22551859],[101.10241393],[53.97396789],[94.92286076],[67.27943026],[85.44765797],[0.],[124.7741509],[108.72503688]
613,[410.88197278],[60.82865441],[87.24074726],[52.92493999],[58.20669127],[47.29988139],[-5.42],[74.78456318],[35.01649529]
614,[633.97341834],[101.27386798],[69.6669541],[62.94138216],[114.7592958],[114.3262664],[0.],[83.89831182],[87.10734008]
615,[625.63453731],[91.89912305],[109.28185912],[77.16834852],[85.25785546],[58.48034386],[0.],[99.82246366],[103.72454363]
616,[662.49206919],[86.35229894],[98.8141282],[86.63992962],[143.261949],[61.39679512],[-1.18109321],[118.24405938],[68.96400214]
617,[664.23118269],[84.31440979],[61.79991867],[134.52719714],[76.02385812],[89.62774077],[0.],[110.30608027],[107.63197792]
618,[653.38537036],[98.13304214],[130.11930982],[105.03293462],[60.90971892],[110.35026925],[0.],[82.04226341],[66.7978322]
619,[597.62577541],[166.49081142],[42.0664542],[106.9284591],[69.66362931],[55.11534188],[0.],[58.12376143],[99.23731808]
620,[618.72557705],[78.50145181],[52.23843349],[112.2818959],[36.99013384],[151.18196199],[-4.2810275],[75.63341535],[116.17931217]
621,[-131.27423654],[-1.78901892],[-41.59510447],[14.01524349],[-16.05481196],[-9.45664748],[-85.65133419],[64.48262925],[-55.22519227]
622,[604.22040656],[96.29938103],[46.27855064],[126.89098662],[58.74869015],[119.78341605],[0.],[45.4003922],[110.81898987]
623,[640.40444709],[74.07999689],[89.45254614],[89.83505114],[77.67746958],[75.21190306],[0.],[103.48620455],[130.66127573]
624,[661.238635],[75.61369696],[70.65202559],[62.04564135],[103.98747692],[88.72756263],[-0.00027576],[153.6843539],[106.52815339]
625,[625.53388504],[141.49825775],[127.580597],[83.62171866],[48.88814176],[85.2813717],[0.],[38.56495067],[100.0988475]
626,[690.98131073],[67.02420078],[105.29182511],[127.75536824],[97.99158338],[87.40483087],[-0.00042389],[84.86906648],[120.64485977]
627,[594.94608355],[91.02464931],[69.54233753],[80.47576072],[81.91891456],[76.92804154],[0.],[112.01012194],[83.04625796]
628,[520.23043703],[123.36797446],[78.00289122],[93.50436605],[41.56030988],[74.65284267],[-11.14085827],[19.04013541],[101.24277561]
629,[557.10276822],[97.66878976],[84.42985542],[58.7001205],[61.81384071],[95.63309193],[-9.7068517],[117.83324938],[50.73067223]
630,[675.20701648],[96.98980471],[103.87546254],[103.00613854],[100.93389291],[69.10004655],[0.],[97.39429833],[103.9073729]
631,[-918.4800732],[-102.03580513],[-96.83059216],[-115.46383612],[-101.6873301],[-71.64431622],[-187.5232319],[-103.39407197],[-139.9008896]
632,[-377.87704956],[17.80587399],[-92.10495698],[-50.53978661],[-20.51721558],[-52.33939433],[-120.20922001],[-20.71715999],[-39.25519006]
633,[609.35168503],[112.66129548],[40.22938602],[149.10201207],[59.96087343],[114.04762146],[0.],[67.89642978],[65.45406679]
634,[577.82320559],[68.98314578],[86.10326031],[81.00197632],[84.41312181],[41.17031418],[0.],[99.69053089],[116.4608563]
635,[591.22717771],[58.78971012],[83.98378295],[94.82963435],[75.04514409],[67.014775],[0.],[104.50554215],[107.05858904]
636,[628.2700076],[64.47256638],[102.71465272],[72.7995069],[87.23810988],[127.40482111],[0.],[64.40402363],[109.23632698]
637,[614.34186747],[80.09779545],[86.1973816],[75.71519491],[101.90634264],[64.58674376],[0.],[132.62894419],[73.20946492]
638,[-137.04193362],[-15.91050379],[-17.0050511],[-15.99266822],[-17.82550137],[-16.69015914],[-19.38193691],[-18.06743208],[-16.168681]
639,[561.98283875],[77.67339124],[80.99575068],[43.95444922],[44.7861225],[93.39580123],[-0.67990816],[153.55563105],[68.30160099]
640,[-138.88624234],[-16.707469],[-16.72489964],[-15.92291494],[-17.86478229],[-17.18249038],[-19.44374322],[-17.96250743],[-17.07743545]
641,[225.09634197],[72.87887182],[81.36022435],[49.99828954],[-9.58034544],[8.94781364],[-48.38407134],[24.07048721],[45.8050722]
642,[4.26337732],[3.94736344],[-0.93238349],[1.34713084],[7.26063255],[-0.90786035],[-16.29395962],[1.73897443],[8.10347953]
643,[601.64699044],[58.93454866],[121.7875819],[85.1618902],[73.945167],[130.53876158],[-0.00187278],[59.59027272],[71.69064116]
644,[677.26995647],[137.21936552],[127.24802306],[77.95432723],[97.3422683],[73.8131161],[0.],[88.14307623],[75.54978003]
645,[624.03214923],[108.95936668],[143.25505219],[102.59715723],[34.58783161],[102.633337],[0.],[54.96010171],[77.03930281]
646,[-585.79234165],[-67.3846606],[-107.22790857],[-65.09640567],[-45.4610457],[-76.11851688],[-146.4627202],[-41.53841805],[-36.50266599]
647,[2.53389216],[-2.53554085],[-4.05559138],[8.33546184],[9.50196247],[5.81679347],[-16.29395962],[0.39034957],[1.37441668]
648,[633.77874802],[123.74328796],[79.47139476],[124.6814044],[71.93141921],[97.5179562],[0.],[54.51112878],[81.92215671]
649,[638.01135296],[49.41040256],[122.65907258],[135.43717178],[36.4976371],[55.37816887],[0.],[112.44022081],[126.18867926]
650,[609.58901659],[66.54471864],[114.76886048],[60.89912949],[68.32808796],[97.6821408],[0.],[93.33991933],[108.02615988]
651,[661.73608751],[75.56604672],[121.3902474],[116.43066222],[66.64652089],[106.10399433],[0.],[84.38259326],[91.2160227]
652,[587.25735273],[82.4983117],[36.21994384],[86.43234267],[109.76050722],[64.61261151],[-8.01370556],[101.9529905],[113.79435084]
653,[617.7811504],[78.15379676],[106.94302418],[95.4705801],[80.00892064],[106.94751226],[0.],[65.02176237],[85.23555409]
654,[656.75506212],[84.08717891],[129.9359415],[108.35117431],[74.73802579],[93.69590008],[0.],[88.67938963],[77.26745191]
655,[587.13135427],[54.26047781],[60.72621062],[114.29061161],[64.21500249],[96.86447442],[-6.36615944],[130.56332803],[72.57740874]
656,[662.01920405],[115.33065261],[111.46822812],[64.10421393],[88.21438869],[90.41080696],[0.],[62.49416688],[129.99674687]
657,[692.08272953],[78.04898449],[93.64238942],[77.89789961],[98.6061764],[98.50402759],[0.],[111.55812953],[133.82512248]
658,[96.68974202],[33.18720893],[35.59385977],[49.11693986],[-20.36885282],[-20.03219726],[-64.14416959],[52.98496824],[30.35198489]
659,[-279.07554663],[-6.13210998],[-30.82385516],[-38.22182798],[-23.74704473],[-40.36722129],[-102.87231069],[-40.7258683],[3.8146915]
660,[663.7674548],[59.17559169],[92.01483216],[142.69196915],[46.33940017],[66.29693419],[0.],[141.62859357],[115.62013387]
661,[-764.96688891],[-88.91887196],[-77.39101437],[-109.02234186],[-95.01207587],[-66.37742076],[-164.52464461],[-98.2348409],[-65.48567858]
662,[414.89133376],[94.99442656],[104.87035941],[48.98549922],[17.21159925],[28.47549899],[-23.56023051],[73.66676448],[70.24741635]
663,[620.72059698],[31.44355572],[107.18125257],[77.93051655],[134.59511281],[86.41490067],[0.],[128.2469366],[54.90832206]
664,[640.50689846],[93.91501218],[45.39463456],[102.20994952],[130.83816345],[97.81230493],[0.],[79.11240667],[91.22442716]
665,[709.10858028],[81.42579696],[168.88586515],[96.0053853],[74.52288188],[91.23264663],[-0.04055112],[121.38060781],[75.69594769]
666,[342.68372509],[56.73026049],[33.74828988],[61.20075463],[64.49613456],[38.91508319],[-6.878],[45.19600097],[49.27520137]
667,[645.89310862],[129.26748006],[48.54579624],[92.27095125],[47.45732986],[90.54749324],[-0.00337472],[99.57766795],[138.22976473]
668,[637.21244296],[98.58780025],[72.02170946],[88.47087007],[142.20567929],[50.42440216],[-0.02022079],[96.90788193],[88.61432058]
669,[674.20206129],[115.75000924],[80.83787525],[74.11812491],[65.96128527],[114.26417752],[0.],[126.42585125],[96.84473785]
670,[286.20218886],[54.10850391],[35.34132274],[91.12829286],[17.7106016],[37.77882646],[-42.45598075],[79.37051294],[13.22010911]
671,[661.212979],[77.22057558],[35.97725867],[90.2096171],[123.41243093],[105.50540626],[0.],[63.77525808],[165.11243238]
672,[512.27290803],[81.29031563],[89.46350288],[94.82319354],[93.48894864],[57.12277434],[-3.8],[49.06260098],[50.82157202]
673,[545.41975621],[75.05671447],[69.45185719],[96.75273346],[71.23154289],[69.9649822],[0.],[58.75626296],[104.20566305]
674,[78.42828153],[6.78389033],[16.03859741],[9.47303304],[17.16286357],[7.25567403],[-13.72378808],[14.22365337],[21.21435786]
675,[622.33839365],[129.28861798],[83.13412049],[47.26164329],[114.53145363],[72.91940606],[0.],[97.85988793],[77.34326428]
676,[694.43209162],[145.62414269],[96.74305939],[120.57302873],[97.78205979],[58.32214011],[-0.00073969],[67.56326401],[107.8251366]
677,[-314.11636337],[-27.44458535],[-49.98145675],[15.47212641],[-48.32809118],[3.3449528],[-119.15444168],[-49.17984838],[-38.84501924]
678,[-79.0248772],[-8.33774314],[-9.47586371],[-6.84991801],[-8.79150392],[-10.28557411],[-18.0304582],[-10.14248311],[-7.111333]
679,[642.70021736],[102.9998824],[106.00025346],[70.0744194],[122.93390391],[69.85286544],[0.],[79.30878929],[91.53010346]
680,[628.71444469],[119.22465379],[37.788799],[103.90437267],[69.09549582],[81.72749997],[0.],[101.28486074],[115.68876269]
681,[175.39456105],[11.91920001],[55.81271589],[27.51716201],[24.08802438],[12.54592461],[-59.17456506],[49.73052744],[52.95557176]
682,[717.62896131],[92.52815338],[68.88262521],[132.10808613],[115.75111648],[102.14312955],[0.],[118.82882286],[87.38702771]
683,[592.21377837],[89.02320818],[130.68242726],[82.82254555],[97.99512646],[52.93410311],[0.],[42.19900107],[96.55736674]
684,[595.11398875],[99.10810431],[72.4267083],[91.70683814],[46.44686102],[63.28165618],[0.],[76.75257561],[145.39124517]
685,[548.98941054],[115.56256225],[56.87446827],[55.16461254],[92.9055205],[43.4263208],[0.],[98.10236586],[86.95356031]
686,[664.75603222],[128.23071753],[88.65243873],[124.77262783],[92.37363185],[49.0584783],[0.],[118.39662411],[63.27151388]
687,[610.56394874],[119.85754208],[62.85958119],[131.47990031],[76.52928632],[75.74168525],[0.],[107.80834706],[36.28760653]
688,[628.4209819],[49.13154569],[93.08743945],[116.84238035],[52.74682981],[92.20009384],[-1.87133604],[106.07621324],[120.20781556]
689,[341.20517752],[8.34660952],[105.01221623],[20.07637268],[41.06669966],[22.09169019],[-26.85725058],[89.71615871],[81.75268111]
690,[-161.48153792],[-10.20289018],[-22.2384987],[-21.12717962],[-8.10226531],[-29.14054666],[-39.33053028],[-20.50171887],[-10.83790828]
691,[599.68721779],[66.73710563],[111.9973839],[124.42505732],[62.26350981],[49.75112695],[0.],[52.36412583],[132.14890835]
692,[642.68720792],[92.15238527],[79.6277151],[74.07151302],[63.61929156],[137.40905972],[0.],[101.6477712],[94.15947204]
693,[605.25475271],[125.68985708],[51.01877764],[41.85603639],[70.87288924],[61.09198209],[-2.7702],[128.94196831],[128.55344196]
694,[-144.37470696],[-17.4679897],[-16.85984281],[-17.64153373],[-18.50442514],[-18.03359306],[-19.63503993],[-17.78763937],[-18.44464323]
695,[585.34489996],[104.29164693],[55.16647458],[46.01969096],[97.42070056],[74.36144274],[-3.63414713],[93.00125149],[118.71783982]
696,[575.57374239],[87.0909096],[99.87145093],[61.7161681],[32.87784348],[89.89294908],[-3.98897063],[79.55674933],[128.55664248]
697,[579.05652778],[65.91834541],[62.88030794],[52.95156578],[117.48356408],[51.88873577],[0.],[116.18731185],[111.74669696]
698,[700.60497217],[133.3175524],[101.68229403],[100.36957045],[55.82821827],[113.6045424],[0.],[121.69678338],[74.10601124]
699,[599.55929417],[68.62390154],[37.92302172],[160.66324479],[133.29343037],[38.09517709],[0.],[73.6491829],[87.31133577]
700,[617.04671603],[100.87500093],[49.73720257],[119.97648939],[74.75231257],[108.8043335],[0.],[74.34137848],[88.55999859]
701,[380.72949268],[87.68951126],[44.66138103],[61.46316309],[28.54944873],[31.70339859],[-22.06314778],[88.89729556],[59.82844218]
702,[634.42308464],[92.4074053],[81.24520575],[83.38071566],[76.14403896],[120.32462883],[0.],[102.19194826],[78.72914188]
703,[636.35542836],[94.48137108],[78.56780681],[61.99844032],[158.92443481],[50.26165111],[-3.98813226],[80.74500833],[115.36484816]
704,[-756.10005373],[-92.80745056],[-52.97747658],[-34.4536125],[-125.13948],[-132.56021169],[-173.13980756],[-48.67298247],[-96.34903239]
705,[-306.27195005],[-48.85701104],[-81.17460984],[-23.75823323],[-12.6580971],[-13.4181231],[-113.95391873],[-2.95632147],[-9.49563554]
706,[-36.0827828],[-22.39938815],[-9.4687846],[-4.31948569],[14.82506267],[0.66386121],[-78.43162491],[56.77892192],[6.26865476]
707,[719.94076105],[106.37913018],[163.65997531],[104.50925305],[50.04571276],[101.54212319],[0.],[116.16533099],[77.63923556]
708,[634.5324994],[115.03837314],[101.09725425],[101.11855188],[66.22990865],[89.38673764],[0.],[49.27204484],[112.38962901]
709,[645.91851741],[85.12995133],[125.79420386],[92.60065943],[105.6847961],[65.85127154],[0.],[105.62584035],[65.2317948]
710,[410.97554265],[97.57868732],[46.40242938],[59.858809],[85.04709263],[29.12480443],[-23.40690583],[50.05490541],[66.3157203]
711,[447.52295879],[61.43836891],[82.4104096],[90.53364435],[32.3289391],[61.39656355],[-19.99462871],[82.41871511],[56.99094688]
712,[619.7004225],[80.267423],[71.11760319],[79.6755412],[22.88747004],[121.79925342],[0.],[113.40972532],[130.54340631]
713,[643.22859473],[95.97945326],[100.86852183],[63.76345987],[89.73945659],[77.91065367],[0.],[77.03522837],[137.93182114]
714,[597.19727799],[125.44175497],[82.62483757],[102.1764073],[75.33299569],[55.68797897],[0.],[56.92326769],[99.0100358]
715,[564.44743629],[47.2877196],[87.32290653],[95.81597637],[32.1491984],[126.92997657],[0.],[43.63116053],[131.31049828]
716,[639.617984],[69.27424396],[71.45078603],[86.96511927],[156.16984856],[57.20995616],[0.],[92.69253685],[105.85549316]
717,[526.86032757],[82.05730141],[106.86033752],[123.81456651],[10.03684011],[95.40197232],[0.],[48.56375885],[60.12555085]
718,[642.33766602],[61.58263428],[76.59965062],[167.66031633],[40.76109147],[92.62319979],[-0.00059041],[90.4627145],[112.64864945]
719,[366.23735653],[46.90493709],[61.99961116],[20.26173221],[51.84938536],[64.31979288],[-14.20242228],[86.53629893],[48.56802119]
720,[688.61450622],[92.99578595],[114.27884907],[120.69477388],[63.43068949],[66.1493837],[0.],[110.20191837],[120.86310575]
721,[-1312.15733318],[-157.43697714],[-119.24594207],[-177.00168719],[-192.13097377],[-147.57602197],[-236.15050277],[-106.35452542],[-176.26070287]
722,[543.41883336],[110.2245282],[35.28947251],[73.18138632],[67.95113527],[76.00668607],[-8.8664505],[119.91272182],[69.71935367]
723,[601.31486144],[113.39878266],[46.28660723],[109.779108],[87.86987725],[34.42510144],[-0.00285196],[77.92043848],[131.63779833]
724,[635.18035005],[93.7171309],[47.17651862],[116.7416802],[69.82814425],[124.70190467],[0.],[87.38239595],[95.63257546]
725,[-1422.63089164],[-144.03806255],[-122.08367051],[-154.77686728],[-172.27268524],[-198.10211746],[-250.10455856],[-177.62490312],[-203.62802691]
726,[728.63168636],[102.37767533],[77.87870743],[164.09733465],[126.55449737],[60.28999474],[0.],[117.17375915],[80.25971769]
727,[714.13857445],[98.92237746],[92.52123871],[158.92564828],[65.51978977],[113.57005806],[-0.00095253],[74.6040404],[110.07637432]
728,[423.08467002],[59.66535034],[58.75375675],[45.33184022],[64.99757634],[95.53097197],[-5.4483872],[48.51775866],[55.73580293]
729,[-364.4334737],[-35.19982361],[-18.66841887],[-50.55279394],[-70.59482859],[-27.91480507],[-94.25217632],[-30.26796939],[-36.98265792]
730,[347.27285033],[39.30714784],[88.83836895],[43.96490357],[11.15395741],[31.07714905],[-14.65204278],[75.89641091],[71.68695538]
731,[500.0945835],[73.10341607],[71.12384138],[122.81230079],[34.43318983],[79.98937914],[-7.5036454],[87.78100921],[38.35509248]
732,[-747.72686727],[-97.8424243],[-84.8922541],[-83.77175543],[-110.01063831],[-135.88568806],[-169.09180592],[-42.52001865],[-23.71228249]
733,[-718.7900225],[-51.05650282],[-104.05370829],[-90.71815291],[-58.87423937],[-89.17535389],[-154.0499529],[-63.39206246],[-107.47004987]
734,[574.69814542],[77.5008345],[56.15984757],[67.2635109],[91.73523037],[96.61120433],[-11.2581803],[106.4113622],[90.27433585]
735,[-424.66358786],[-48.79538683],[-48.17375975],[-54.19346482],[-43.56325473],[-41.9411485],[-107.48798627],[-15.91280798],[-64.59577897]
736,[585.36776014],[90.22565583],[48.53737933],[116.47501009],[71.95432063],[85.22881298],[0.],[71.55687537],[101.38970591]
737,[624.89530765],[82.77950968],[105.65601374],[100.52082028],[91.70684979],[62.96713908],[0.],[102.08172655],[79.18324854]
738,[645.08497538],[106.21846123],[57.14331321],[98.25365739],[32.82745329],[112.01183924],[0.],[125.92588714],[112.70436388]
739,[663.85968606],[72.22549548],[126.5159272],[141.90232496],[112.28563639],[43.32579616],[-0.00062525],[76.84347202],[90.7616591]
740,[-317.44907238],[-63.9813779],[-39.58683695],[22.76907358],[-45.54436633],[-19.4105808],[-112.50969347],[-28.61962003],[-30.56567047]
741,[692.77181231],[113.7375052],[76.89073469],[144.81903466],[42.77386371],[60.86759787],[0.],[84.14315922],[169.53991696]
742,[-113.60610265],[78.12249412],[-22.94135528],[-55.12143137],[-14.92604545],[-14.57272482],[-85.99203462],[12.90046585],[-11.07547108]
743,[570.04779607],[65.99557316],[68.2956328],[123.22158838],[70.15110088],[55.04716974],[0.],[112.26027241],[75.07645871]
744,[21.91053739],[4.1033373],[0.11476076],[6.77948344],[6.23205381],[7.88761473],[-15.42464151],[12.74824299],[-0.53031413]
745,[575.50163353],[50.18451319],[87.37066684],[92.43671855],[48.99865641],[127.18563075],[0.],[116.25602428],[53.0694235]
746,[272.6080848],[5.09098533],[76.33969899],[96.9132267],[-0.40734639],[64.98813566],[-49.56991437],[39.7291358],[39.52416308]
747,[714.12659558],[120.17463684],[110.98322517],[115.88995308],[41.54825799],[97.91451806],[0.],[108.12476844],[119.491236]
748,[677.66400282],[72.60964236],[60.88194365],[172.89527468],[74.97356856],[36.55966524],[0.],[142.77587985],[116.96802848]
749,[-56.80632364],[-2.90323407],[-5.48256102],[-7.9668291],[-2.15655323],[-6.07736883],[-17.51713454],[-10.69850419],[-4.00413866]
750,[-157.83967565],[-19.60249905],[-19.58690208],[-19.66389443],[-19.63313359],[-19.60186638],[-20.49354319],[-19.21186435],[-20.04597259]
751,[58.75235195],[13.92206187],[11.78785857],[19.87140406],[4.35540506],[6.3332141],[-14.91626834],[4.68313657],[12.71554006]
752,[582.8593059],[124.97996507],[72.13087063],[89.26190788],[49.07410372],[86.3513231],[0.],[116.48007516],[44.58106034]
753,[-821.99065483],[-110.27225171],[-112.37450817],[-57.30287822],[-124.45016007],[-81.54760975],[-172.7123079],[-92.76241675],[-70.56852225]
754,[-723.50480304],[-22.1735486],[-75.04945602],[-67.10281047],[-99.26183932],[-111.35359548],[-168.50051902],[-88.62870356],[-91.43433058]
755,[682.77204652],[77.0375823],[99.89168874],[94.67191894],[88.17275536],[109.75664827],[0.],[119.73300986],[93.50844305]
756,[621.82053928],[85.72827508],[99.89566167],[121.85734057],[35.60938905],[89.2375714],[0.],[56.50463555],[132.98766595]
757,[586.3917556],[141.1397808],[55.52694941],[105.54720404],[83.84117422],[47.50667361],[0.],[57.34158502],[95.4883885]
758,[612.53078974],[74.62211313],[14.06757062],[96.31826688],[107.25775438],[64.6782197],[-7.02682104],[159.37497522],[103.23871085]
759,[647.42407934],[109.73382422],[59.95620116],[76.2108966],[118.63555581],[70.03729912],[0.],[64.84797441],[148.002328]
760,[673.72813148],[81.06102289],[161.28941553],[77.06657396],[125.69799531],[58.00110484],[-0.00172804],[82.93880979],[87.67493719]
761,[672.16736119],[125.32970241],[101.08045424],[57.61099903],[116.08705799],[67.71817571],[0.],[94.44170285],[109.89926896]
762,[619.91906222],[89.32143693],[69.96050968],[107.1334543],[69.10964114],[121.14068189],[0.],[82.97460126],[80.27873701]
763,[624.67946436],[137.92149636],[55.84172135],[112.34647708],[49.88076734],[76.87745019],[0.],[55.79678605],[136.01476598]
764,[606.76533938],[82.50397373],[70.65157261],[169.09784475],[57.81465628],[54.93293819],[0.],[87.23359921],[84.53075461]
765,[649.43004697],[67.50977879],[69.66316696],[113.22697315],[87.37470193],[72.0934533],[0.],[102.47648765],[137.08548519]
766,[735.03204608],[106.30956695],[98.20149838],[106.97604303],[111.6665994],[110.95987181],[-0.0204404],[90.95279644],[109.98611047]
767,[-14.29331233],[15.88047986],[-11.66864668],[26.19710513],[-28.2040903],[5.86418541],[-74.65911964],[37.47096975],[14.82580414]
768,[569.24913737],[77.52904065],[77.0458908],[70.96089592],[110.44347474],[63.95093213],[-1.458],[130.34441054],[40.43249258]
769,[397.98044917],[100.11493217],[74.2493836],[42.48011769],[50.40339191],[43.07689294],[-27.72589435],[39.30876656],[76.07285866]
770,[435.07229053],[57.92817069],[79.2257153],[97.98246631],[28.74937263],[68.74649137],[-19.75960068],[30.026332],[92.17334291]
771,[534.12277431],[107.28887013],[101.33243717],[69.24749123],[80.46991994],[69.97872213],[-16.30225598],[60.13940991],[61.96817976]
772,[386.66090769],[75.91005281],[91.94747143],[67.31811891],[39.60038935],[23.81899467],[-26.2157816],[79.14723401],[35.13442811]
773,[680.81404689],[106.35412513],[100.74202672],[94.16839449],[107.90510766],[43.4978652],[0.],[144.29879706],[83.84773062]
774,[-430.18857706],[-59.93068947],[-11.57600315],[-33.67326834],[-50.89723417],[-47.634998],[-134.90302113],[-89.11766319],[-2.45569961]
775,[-194.51395689],[1.43698465],[-44.99259606],[-7.23776634],[-3.88755895],[-50.48317797],[-95.17031273],[-4.74111302],[10.56158353]
776,[631.1274697],[63.19183738],[122.73292597],[97.22745794],[40.98607002],[135.2307608],[0.],[101.49466553],[70.26375205]
777,[-61.71669306],[1.64895301],[4.2134872],[-7.72378399],[-14.95344194],[-1.7704004],[-20.23933047],[-14.25934715],[-8.63282934]
778,[629.97690023],[75.47007705],[21.99489459],[81.7628167],[78.27122277],[119.661879],[0.],[93.99176777],[158.82424235]
779,[557.00027714],[123.86243404],[83.4961593],[93.75951849],[43.70317765],[24.7033405],[-12.81232336],[108.73313611],[91.55483441]
780,[675.72173519],[77.53819272],[74.59318357],[116.15774414],[87.92851818],[123.28530957],[0.],[116.64495191],[79.5738351]
781,[668.90175049],[131.19686981],[74.5898596],[113.22802724],[74.04013438],[88.0196981],[0.],[78.41396465],[109.41319671]
782,[605.70132874],[85.06147181],[90.63012073],[96.51609799],[76.5050674],[45.33541506],[-1.01500026],[141.47867142],[71.18948459]
783,[663.72415767],[139.87038903],[121.02464113],[100.97803557],[83.22118602],[91.01924843],[0.],[73.11059372],[54.50006377]
784,[629.10739947],[77.90241491],[72.93224828],[115.851241],[89.22889128],[43.58482912],[0.],[105.00466259],[124.6031123]
785,[641.35477043],[172.72072932],[91.73883574],[57.00659646],[68.03131664],[67.65899097],[0.],[110.13969159],[74.05860971]
786,[576.90121398],[82.87222165],[75.6553838],[97.59486189],[41.75014614],[95.75870007],[0.],[71.30428725],[111.96561317]
787,[701.90693045],[75.88752797],[106.83719464],[69.93795578],[84.68492808],[165.01252822],[-1.0313718],[79.71055043],[120.86761712]
788,[536.07192072],[55.13788173],[59.08948286],[80.28568912],[55.83108126],[98.91262706],[-0.0092768],[85.36758165],[101.45685383]
789,[597.1141868],[61.11967175],[98.37683069],[78.63389462],[51.23039409],[117.34210439],[0.],[96.1721914],[94.23909985]
790,[631.02698592],[145.53227749],[52.3417183],[87.14305746],[69.00660774],[88.98564148],[-2.],[87.71768177],[102.30000167]
791,[586.36433849],[86.82899157],[106.54399228],[100.83523686],[80.96151452],[47.16119473],[-8.20406709],[114.18549195],[58.05198367]
792,[573.94062137],[87.02541062],[67.74830036],[88.49174768],[46.15415184],[82.61595845],[-6.878],[90.46706086],[118.31599157]
793,[654.55039703],[81.02777939],[127.30697201],[117.51002181],[80.71983911],[45.72700955],[-0.00046819],[138.89494509],[63.36429825]
794,[588.11245103],[48.79199644],[80.00461613],[113.7863189],[65.05749719],[101.95687828],[0.],[55.24286903],[123.27227507]
795,[-1849.58643356],[-206.93052924],[-241.41587652],[-222.94343851],[-241.9791045],[-241.65801789],[-294.78634254],[-222.33731818],[-177.53580618]
796,[-360.45534293],[28.48561467],[-56.90286178],[-37.38386712],[-96.61156932],[-43.17036555],[-124.47808504],[29.50473792],[-59.89894671]
797,[536.75538312],[104.89343646],[78.18062477],[44.48467576],[77.15461113],[100.07582422],[-1.18098],[75.117089],[58.03010177]
798,[600.15010463],[68.30802126],[75.19239076],[42.33824915],[77.60531302],[121.02034096],[-0.0832801],[123.29613254],[92.47293703]
799,[585.05752691],[77.06214534],[96.79818797],[103.75711302],[28.24837659],[75.19434522],[0.],[102.11017066],[101.88718811]
800,[584.96233238],[64.74594522],[51.75765458],[45.87778155],[150.54644758],[99.34185942],[0.],[84.95463828],[87.73800575]
801,[5.81065832],[0.83570495],[8.91028431],[7.85402808],[-2.62692016],[3.503827],[-15.42464151],[-3.00944021],[5.76781587]
802,[663.85788538],[120.52939224],[87.39056099],[98.58053267],[60.11500788],[72.8414707],[0.],[134.23479486],[90.16612605]
803,[703.18696],[126.58802876],[92.12605428],[108.79078487],[106.66247334],[86.16571311],[0.],[74.75905666],[108.09484899]
804,[685.96805463],[62.61887327],[106.82610473],[125.76013905],[55.61025462],[84.53597787],[0.],[117.16525366],[133.45145142]
805,[133.08473028],[33.78485402],[21.66983499],[0.37238892],[19.16824837],[20.145709],[-12.25159022],[23.93048],[26.26480519]
806,[667.94176427],[141.98632231],[75.45764512],[105.20602272],[45.3464962],[95.93868464],[0.],[89.08052129],[114.926072]
807,[207.85771603],[4.76649712],[8.84457687],[28.79731683],[17.88101581],[44.46262752],[-10.434062],[58.47948165],[55.06026224]
808,[590.56741969],[51.91171344],[43.23805249],[101.18809802],[139.08532148],[96.27092052],[0.],[75.24556708],[83.62774668]
809,[568.67752834],[66.9228966],[76.96518475],[127.10841703],[32.61307849],[55.55666196],[-3.21118401],[114.12318912],[98.59928441]
810,[556.15149637],[112.55010036],[62.60759018],[104.18266012],[99.16613998],[22.22944258],[-5.1316758],[108.01381539],[52.53342356]
811,[667.42090894],[69.95929008],[39.66141017],[101.21753347],[79.16740101],[113.93755968],[0.],[151.3195537],[112.15816082]
812,[656.74909935],[88.15376096],[64.7691257],[119.86687804],[91.4051107],[82.86269031],[0.],[84.30204467],[125.38948897]
813,[610.50997571],[122.09785459],[103.77754709],[71.42612176],[87.57378439],[89.55396629],[0.],[62.17810953],[73.90259207]
814,[212.99299715],[19.82959262],[38.84326776],[34.28381092],[37.01963146],[26.9867247],[-11.39322085],[26.95987855],[40.46331197]
815,[549.57849452],[110.24566084],[56.08743525],[71.41374445],[82.53341769],[81.44211348],[0.],[78.54353901],[69.3125838]
816,[632.60609881],[70.6672732],[119.77481013],[51.91440685],[120.34848537],[59.9151243],[0.],[123.40792112],[86.57807785]
817,[657.62835651],[86.12322222],[136.87962113],[89.76224273],[107.14488578],[60.75963104],[0.],[102.71767866],[74.24107495]
818,[705.55672096],[115.08601243],[49.6083388],[144.18915467],[80.17567159],[118.65623625],[0.],[126.41973722],[71.42157]
819,[574.68209638],[86.52070771],[83.20580928],[120.16036059],[36.42987145],[69.03506752],[0.],[46.34536563],[132.9849142]
820,[654.99579552],[88.82921882],[90.49991351],[103.52022008],[96.89844606],[64.1135782],[0.],[119.90995935],[91.22445949]
821,[483.71619294],[67.32140568],[38.59981625],[101.46033601],[46.90961367],[91.60639847],[-16.52432811],[108.98084909],[45.36210189]
822,[622.54622957],[100.01049679],[76.32198038],[139.53896538],[69.67034083],[81.76007544],[-0.76951516],[68.81446775],[87.19941816]
823,[116.50091708],[-16.16768623],[-38.43815652],[30.44496869],[11.73602625],[33.59019862],[-60.15990215],[111.82759708],[43.66787133]
824,[650.61184675],[69.65275095],[98.25450004],[82.76624564],[101.10987797],[61.01080393],[0.],[116.16409026],[121.65357796]
825,[611.23491549],[93.6254658],[59.29174605],[114.11791594],[81.0504604],[59.68133435],[0.],[87.26376905],[116.20422391]
826,[469.25586351],[66.93258566],[50.02317945],[95.77373399],[35.56451725],[55.67314535],[-16.67342833],[83.47372402],[98.48840612]
827,[655.12963685],[78.68832729],[54.32038335],[104.1876397],[111.26095082],[50.30622132],[0.],[166.44409877],[89.92201561]
828,[520.01458858],[106.55864543],[136.69376794],[75.6383199],[12.19858544],[98.22877237],[-21.29639086],[46.15661478],[65.83627359]
829,[650.88514779],[65.85570866],[123.88327924],[79.13904119],[81.33965683],[95.40844659],[0.],[115.37936888],[89.87964639]
830,[648.99331269],[50.74964645],[101.10395758],[81.46821214],[80.51103699],[73.4265734],[0.],[122.59250089],[139.14138525]
831,[551.03853513],[59.85430312],[82.40787147],[110.50783416],[102.43317991],[84.50107008],[-15.33850459],[66.67033941],[60.00244156]
832,[-134.64255206],[33.00306616],[-33.62809387],[-35.78405253],[0.34955614],[-3.32658012],[-85.82123935],[-19.11733152],[9.68212305]
833,[627.15973605],[100.22246987],[62.10912419],[86.3483357],[91.3937963],[88.43461692],[0.],[123.73755375],[74.91383932]
834,[597.81081927],[109.33526872],[60.32433647],[88.60586983],[84.30172313],[62.94648292],[0.],[100.65494539],[91.64219281]
835,[567.18998263],[103.39542585],[44.12848257],[117.52566528],[40.25915472],[102.76167931],[-1.8],[30.57780217],[130.34177274]
836,[-1077.73535218],[-137.35653022],[-136.435278],[-112.99285759],[-107.37922209],[-68.01842667],[-209.10479946],[-142.25043169],[-164.19780646]
837,[-1558.73925386],[-168.18491148],[-207.48916294],[-163.56528131],[-162.56780339],[-164.65248328],[-267.726122],[-227.93360789],[-196.61988158]
838,[-254.13111576],[47.66449425],[-47.29847366],[11.85613767],[-60.44710601],[-62.47033938],[-99.57228511],[32.61376165],[-76.47730516]
839,[646.06551766],[65.01419208],[68.07934289],[103.14442335],[116.49288441],[64.66738936],[0.],[100.89137518],[127.77591039]
840,[570.77450129],[60.38348502],[98.40110515],[122.23627622],[27.58686779],[59.44873756],[-0.00090964],[91.7396529],[110.97928629]
841,[-136.316712],[28.00350664],[15.94870878],[8.12455132],[-53.76145316],[3.90339943],[-92.84084861],[-18.82162508],[-26.87295132]
842,[604.72769492],[73.37071611],[84.75133216],[130.88025235],[86.71277002],[115.75366524],[0.],[56.70619653],[56.55276251]
843,[607.09547148],[102.16468408],[70.09434936],[82.585811],[91.64108406],[92.80120738],[0.],[76.27234615],[91.53598945]
844,[649.64575418],[97.96308222],[71.95126889],[88.99527664],[108.02319041],[70.41372531],[0.],[104.90893438],[107.39027633]
845,[661.11911751],[99.06846541],[89.81922132],[96.14972606],[62.45664431],[127.68776079],[-0.00308743],[73.78887628],[112.15151077]
846,[612.01206669],[104.93035356],[61.82759339],[88.9869532],[129.04384371],[75.14259821],[0.],[111.20271174],[40.87801287]
847,[-767.13323039],[-116.92359706],[-126.05741752],[-46.18775681],[-145.99946737],[-61.40185002],[-161.48011611],[-55.87883232],[-53.20419318]
848,[-2184.09712462],[-276.81925499],[-270.35862536],[-299.28092338],[-261.87703901],[-222.1489201],[-346.57471653],[-236.18059991],[-270.85704534]
849,[-177.39985165],[-19.41031487],[-11.66657308],[-50.73913402],[-36.05789001],[14.61048059],[-90.96883694],[36.0330365],[-19.20061982]
850,[622.747371],[114.48008906],[96.05500968],[44.36220489],[64.18398833],[128.83395431],[-6.78523492],[105.23578736],[76.38157229]
851,[641.58589611],[85.18821841],[143.90243733],[53.7148994],[63.76010393],[81.84023034],[0.],[92.01656996],[121.16343675]
852,[683.957291],[129.68988544],[59.08703455],[111.76502788],[126.21934776],[49.7164671],[0.],[79.40201353],[128.07751474]
853,[633.0057436],[88.44336784],[57.41984814],[118.66742149],[60.94012212],[74.38555102],[0.],[139.00525189],[94.14418111]
854,[620.79754266],[98.85597183],[105.27846838],[110.48950384],[39.76360391],[112.46116226],[0.],[105.08129134],[48.86754109]
855,[654.31195492],[87.21573664],[143.56379297],[113.36222877],[38.19686084],[109.74535404],[0.],[62.87836947],[99.34961218]
856,[-96.83736456],[-12.24287573],[-10.57484042],[-12.03590534],[-10.52600649],[-11.37865762],[-18.56420402],[-12.0525869],[-9.46228803]
857,[644.62658229],[64.09091774],[44.36695019],[131.19319771],[81.83103143],[66.12634612],[-0.00011107],[132.00496324],[125.01328692]
858,[304.50656742],[10.71070016],[49.75333867],[30.12102984],[137.42105348],[37.48425133],[-40.25220823],[49.0496951],[30.21870706]
859,[-525.26316005],[-45.16870937],[-75.20030867],[-56.42519321],[-63.99656827],[-61.83080402],[-114.03339392],[-41.33125534],[-67.27692726]
860,[666.77742253],[72.04319479],[62.44946659],[87.05662046],[114.56108009],[107.51007486],[0.],[105.94743085],[117.2095549]
861,[62.15330617],[44.77014901],[-20.86694288],[45.05013359],[-26.45973526],[58.91844081],[-71.97322929],[34.21059661],[-1.49610643]
862,[651.67439091],[115.5315698],[47.3953561],[126.34687896],[82.79033393],[95.6064658],[-0.00594959],[81.77294528],[102.23679061]
863,[29.60443257],[11.74047862],[18.86742706],[12.1715906],[13.61503221],[-2.39509261],[-20.01643055],[-3.39222018],[-0.98635258]
864,[641.29820452],[128.57305199],[104.28851605],[79.90585183],[81.67222348],[52.3284472],[-0.06566114],[101.39623867],[93.19953642]
865,[630.39355295],[75.53857258],[78.0148335],[110.30947616],[84.0778755],[128.0064961],[0.],[66.22389805],[88.22240106]
866,[-15.75108517],[22.8333721],[16.93862972],[12.75065336],[6.10235029],[0.23106998],[-71.83311241],[13.02541687],[-15.79946508]
867,[339.9023982],[19.67668386],[25.43999497],[73.75585243],[75.60342657],[39.84003389],[-41.69310112],[42.29909632],[104.9804113]
868,[-38.0340804],[19.9808508],[56.80635942],[34.57057698],[-27.20563737],[5.30789077],[-80.17813371],[-27.52217707],[-19.79381022]
869,[683.46777435],[142.41025004],[67.40404902],[72.39904052],[83.20773843],[96.4194718],[0.],[113.34604937],[108.28117515]
870,[536.85529089],[86.30198409],[41.11836731],[94.17440392],[52.53542262],[99.01878578],[-8.4145938],[76.0609041],[96.06001687]
871,[647.27002838],[123.41898207],[89.03580043],[66.0755623],[90.61579816],[88.27726889],[0.],[86.5532135],[103.29340304]
872,[669.11184542],[68.37917392],[43.6014857],[111.13868378],[106.01834273],[147.8369922],[0.],[104.3613409],[87.7758262]
873,[-23.74219578],[4.2276725],[-1.88685021],[-3.05994631],[4.85019392],[-4.0380164],[-16.66456366],[-2.3777746],[-4.79291102]
874,[547.92844882],[149.6391035],[79.03989827],[50.94564481],[44.15757023],[71.05978512],[-5.85284098],[61.63958562],[97.29970226]
875,[580.52580545],[37.08871342],[63.26385616],[114.83039744],[51.92989128],[113.15738082],[0.],[99.30901258],[100.94655375]
876,[-61.78791908],[0.08061787],[-7.78665589],[-6.92889501],[-11.37713677],[-6.51576111],[-17.29829656],[-8.77881999],[-3.18297159]
877,[-153.59474929],[-18.76682599],[-19.56300833],[-18.95003164],[-19.1548912],[-18.96704506],[-19.84673389],[-18.96415221],[-19.38206097]
878,[651.74484295],[91.98243919],[91.37636309],[68.41335634],[76.99295935],[106.47807964],[0.],[88.75974687],[127.74189846]
879,[456.55684172],[102.94773462],[77.43761114],[133.6350212],[39.91021663],[10.25614362],[-23.47603216],[73.2015163],[42.64463038]
880,[355.98253409],[52.9210036],[70.95865657],[90.39364053],[30.58156728],[11.90953244],[-31.51036215],[85.70896992],[45.01952592]
881,[645.58901895],[117.02730353],[63.17137287],[92.39656083],[69.56880267],[51.68957391],[-0.60403427],[124.8067601],[127.5326793]
882,[353.71698122],[91.7653791],[20.03474566],[44.75525565],[24.65806287],[25.06226532],[-39.51099117],[102.02301014],[84.92925366]
883,[611.05643726],[99.64007975],[51.39480475],[86.79930965],[47.73952675],[132.96057238],[0.],[116.19194939],[76.33019458]
884,[644.02557437],[116.79679337],[75.57145969],[80.10697968],[68.34687789],[102.53142845],[0.],[103.21242745],[97.45960784]
885,[477.68884848],[82.72908554],[5.15610392],[83.48609074],[87.18305111],[56.89950992],[-21.0967325],[102.83151703],[80.50022272]
886,[303.31110907],[54.88757653],[63.12235915],[26.15754357],[38.77144282],[25.50950302],[-8.1902],[40.01524178],[63.0376422]
887,[596.64863285],[53.50291743],[88.38015436],[88.86334585],[78.90395601],[104.82605581],[0.],[110.24863831],[71.92356509]
888,[477.49808524],[90.37215464],[34.85044747],[96.2579714],[97.89833489],[41.09101018],[-20.56007288],[88.6411577],[48.94708183]
889,[529.33250989],[78.03865018],[55.06059622],[87.48065892],[86.05768297],[51.93786178],[-8.49633424],[69.28095943],[109.97243464]
890,[652.600618],[123.26176527],[77.05913309],[119.8052076],[63.38372221],[69.06065327],[-0.00020999],[99.21967281],[100.81067374]
891,[654.90926243],[93.85210263],[64.8719458],[128.91066579],[106.77192891],[84.79313168],[0.],[79.8166941],[95.89279352]
892,[67.08828187],[-0.52133037],[16.26321861],[11.48375613],[2.80425217],[5.08465353],[-13.72378808],[15.82820686],[29.86931301]
893,[626.83215177],[139.00741062],[143.34960869],[59.44107976],[40.97153744],[61.51196467],[0.],[56.74308712],[125.80746348]
894,[526.95162761],[87.79799684],[47.76238733],[145.03708711],[46.76333623],[104.49189588],[-10.32705571],[40.33672612],[65.08925381]
895,[579.03072381],[129.44653757],[101.15873104],[82.28471815],[60.92345704],[64.54200868],[0.],[81.29282068],[59.38245065]
896,[547.64543032],[79.42866893],[94.22407392],[78.92982209],[67.66662813],[72.36466836],[0.],[78.20626805],[76.82530084]
897,[635.64869553],[127.71566839],[105.73263366],[72.76116724],[89.3919187],[50.68149183],[-0.17587386],[102.11163914],[87.43005042]
898,[581.48985662],[100.52217762],[84.35122137],[124.2990374],[38.96341789],[105.07118119],[0.],[50.930284],[77.35253714]
899,[706.9853587],[82.93775836],[74.77975831],[129.59222782],[95.55025988],[129.63517825],[0.],[88.67894304],[105.81123304]
900,[-802.98385882],[-86.51208188],[-115.30685024],[-122.76571081],[-72.07983254],[-46.08321627],[-172.70298512],[-63.42564135],[-124.10754061]
901,[-138.57901266],[-18.21402825],[-16.84210813],[-15.42396226],[-18.30069375],[-16.25516173],[-19.44374322],[-16.86093248],[-17.23838285]
902,[663.70463707],[57.84597145],[91.95365293],[148.72590411],[92.31812085],[134.01834226],[0.],[54.85712783],[83.98551764]
903,[618.98176936],[107.78502079],[95.09791991],[90.42943804],[43.15693549],[108.58130991],[-8.0967532e-05],[60.61462173],[113.31660446]
904,[692.05572092],[127.58366968],[72.02453852],[135.51962922],[57.27052601],[74.97684639],[-0.00252987],[116.23096867],[108.45207228]
905,[590.87615134],[82.52578325],[87.5671045],[98.45390803],[33.42139973],[119.91099412],[0.],[85.79088007],[83.20608163]
906,[651.01418574],[116.68124202],[146.38190716],[83.01664666],[46.16675665],[74.28203323],[0.],[110.88911713],[73.59648288]
907,[554.99669422],[69.73495904],[69.16895968],[78.58117566],[122.80090135],[58.072252],[-5.51475318],[82.42000086],[79.73319881]
908,[628.14565739],[84.96558811],[161.77568857],[59.23538166],[102.65416042],[82.81910884],[0.],[57.14839523],[79.54733456]
909,[374.44674552],[29.30382228],[49.24872994],[59.95652562],[55.61172042],[34.76485945],[-6.878],[84.37770542],[68.06138238]
910,[666.27212264],[89.53452298],[49.24574229],[108.06273249],[73.64267157],[106.14753008],[0.],[140.14239262],[99.49653062]
911,[666.7584162],[93.28979196],[125.56296572],[114.21124864],[89.2351712],[62.37196728],[-0.00012341],[119.43454348],[62.65285134]
912,[590.83184765],[73.34943782],[50.28469361],[93.27141774],[48.04004504],[121.46921648],[0.],[74.99253671],[129.42450025]
913,[667.21516582],[80.99698101],[79.70479094],[96.3527346],[110.21610677],[113.96649307],[0.],[86.43245492],[99.54560451]
914,[249.34563889],[68.07253872],[23.15233555],[53.2666158],[11.33863],[40.32521925],[-17.36372572],[19.53505812],[51.01896717]
915,[638.10376088],[85.1868753],[52.69304792],[68.4173595],[124.89135586],[92.44509109],[0.],[122.51493618],[91.95509502]
916,[549.89986145],[115.80850214],[77.37527263],[96.71427215],[50.09233461],[72.85858266],[0.],[64.0776646],[72.97323266]
917,[531.5080555],[95.86824529],[84.51581508],[97.21593655],[54.28331181],[68.51021038],[-9.90991207],[90.42170643],[50.60274205]
918,[220.00184554],[48.29962663],[42.34303924],[16.66329944],[17.12217809],[29.79520749],[-9.37118],[11.85231575],[63.2973589]
919,[664.82121357],[160.9137975],[50.44403526],[104.64259679],[42.72538928],[87.16047954],[0.],[92.90192948],[126.03298573]
920,[561.2640999],[112.32728542],[103.40876853],[62.47609635],[93.78765947],[69.03299536],[-2.00284667],[55.2286594],[67.00548204]
921,[648.69277802],[168.79862831],[70.56734172],[87.63728216],[92.26652123],[77.01077377],[-0.040946],[104.16066951],[48.29250731]
922,[630.74688631],[97.9242394],[75.15445751],[121.05316928],[48.42254078],[67.81320679],[0.],[100.53208924],[119.8471833]
923,[218.80268263],[1.55846571],[50.70632368],[73.3290482],[30.53053524],[35.16944817],[-35.11072991],[25.9630376],[36.65655394]
924,[-665.91803687],[-67.68207058],[-90.94090652],[-103.22382075],[-79.81400666],[-53.2377153],[-154.62468253],[-47.47976993],[-68.9150646]
925,[332.65961468],[102.01438178],[28.04662219],[11.7391454],[70.25301141],[67.28039868],[-44.74257692],[36.34130518],[61.72732696]
926,[245.74426518],[34.863371],[45.85795994],[43.62421647],[20.45173072],[5.65205335],[-36.88717212],[54.69296992],[77.48913588]
927,[678.41536921],[138.38451597],[59.60173299],[127.63545633],[73.15237241],[105.87600247],[0.],[60.68833658],[113.07695246]
928,[-125.67460637],[-1.68033482],[-26.4425702],[-12.99081679],[-7.64377976],[-16.82459188],[-86.28038963],[-3.39513705],[29.58301376]
929,[503.93503773],[82.40950247],[53.83459022],[74.76617528],[54.0612947],[94.05118484],[-16.90376381],[61.59241681],[100.12363722]
930,[601.28053449],[98.41161982],[61.30730065],[59.90207253],[128.240367],[26.03241278],[0.],[114.15225952],[113.23450219]
931,[511.61236396],[111.76712338],[75.1390419],[65.56143388],[82.02357181],[33.45185715],[-20.07553314],[107.8171277],[55.92774128]
932,[609.89353628],[125.33881697],[47.94418378],[104.88306842],[76.07215903],[71.70532993],[0.],[71.43331995],[112.51665819]
933,[-115.49718231],[-13.31390713],[-14.6725186],[-15.6271907],[-13.11673211],[-12.10529491],[-18.83793128],[-15.53765221],[-12.28595537]
934,[617.96698575],[104.09040335],[110.48543373],[60.84206939],[77.60159821],[85.43500988],[0.],[75.17288442],[104.33958677]
935,[611.10456037],[98.73199134],[52.70874193],[149.10732572],[81.1230636],[80.36915651],[0.],[68.69788173],[80.36639955]
936,[-603.47169605],[-70.99597169],[-27.13176835],[-67.28052105],[-105.62111564],[-92.44238891],[-148.19851675],[-63.0797757],[-28.72163796]
937,[637.83057725],[56.59356714],[92.94311421],[136.39711466],[53.46857642],[115.18783551],[-0.05235764],[53.69827312],[129.59445384]
938,[613.79887251],[93.02424097],[60.04366303],[119.64571976],[138.73089193],[69.61887597],[0.],[72.83132378],[59.90415707]
939,[643.99065119],[83.85239757],[89.84233897],[116.7039022],[87.81480686],[105.66711005],[0.],[74.5843587],[85.52573683]
940,[685.75146631],[133.90882431],[63.80188248],[68.04876652],[112.70682329],[67.67431884],[0.],[131.48742083],[108.12343004]
941,[630.74559693],[82.24916328],[140.94717591],[129.65038994],[42.0277425],[105.18821219],[0.],[79.90450938],[50.77840374]
942,[669.35693473],[127.1634659],[75.77211844],[88.58261205],[64.75643354],[106.35006818],[0.],[83.99989109],[122.73234554]
943,[528.27945513],[77.23540892],[91.14854841],[63.08210143],[63.66992253],[78.66810777],[-11.94045776],[97.98489775],[68.43092607]
944,[515.84543051],[63.96821486],[52.56053006],[159.46191877],[31.17047952],[104.76567501],[-4.02455472],[36.26689073],[71.67627627]
945,[578.28001206],[102.88308899],[91.85487295],[85.81922406],[56.86172301],[86.54245689],[0.],[82.52986921],[71.78877695]
946,[680.58007179],[74.74239098],[83.17522294],[74.12096436],[100.40314071],[116.43908293],[0.],[122.11171955],[109.58755032]
947,[517.34405116],[99.92092888],[104.54422039],[64.2436631],[37.91484778],[26.14379636],[-12.88998952],[88.26493886],[109.2016453]
948,[274.39030766],[64.52796194],[10.63602403],[45.59800376],[68.65786365],[44.58192912],[-47.68460074],[54.73310974],[33.34001617]
949,[655.58497547],[136.1514618],[78.76923244],[45.37887103],[125.18755255],[85.57645225],[0.],[55.73584614],[128.78555927]
950,[609.00174219],[116.00772787],[31.79225246],[89.81603641],[81.21445977],[70.12639691],[-9.99599161e-05],[108.14128655],[111.90368218]
951,[-133.08762248],[-14.85247041],[-16.48142124],[-16.34620447],[-16.90503027],[-16.3288793],[-19.38193691],[-16.66813617],[-16.1235437]
952,[645.32843116],[109.63551162],[91.34269952],[93.58974471],[115.10343815],[84.09821631],[0.],[112.57114258],[38.98767829]
953,[741.03752813],[116.04199703],[102.18084398],[141.80152],[89.75616902],[66.4995137],[0.],[115.78037303],[108.97711138]
954,[616.49088506],[58.57966335],[80.82929904],[128.73558379],[67.17808733],[93.81466868],[0.],[84.19985531],[103.15372756]
955,[193.97022886],[76.7301062],[20.46077631],[19.73386609],[32.51068052],[55.39128852],[-57.82401445],[49.10787246],[-2.1403468]
956,[659.3231211],[101.98244368],[55.86413167],[81.39160754],[131.37008141],[81.4717666],[-1.19619062],[134.51981535],[73.91946548]
957,[638.71624124],[54.71549618],[97.22386597],[92.77461247],[126.43685159],[84.36768587],[0.],[107.60944921],[75.58827995]
958,[651.62577984],[97.22627738],[83.49772053],[69.4784658],[114.50663926],[114.44800468],[0.],[84.03974585],[88.42892633]
959,[689.27148261],[113.3524117],[123.36233659],[80.51583738],[112.66500038],[86.59340305],[0.],[108.50463744],[64.27785606]
960,[274.42549959],[29.1647766],[15.41337338],[76.3029003],[43.28569916],[53.25428017],[-49.51637694],[77.70313596],[28.81771094]
961,[673.18377182],[134.08801652],[55.31504035],[84.6501567],[82.1754451],[119.1839975],[0.],[67.01760281],[130.75351284]
962,[-820.1879777],[-115.19553153],[-110.18197645],[-60.80683523],[-97.62431863],[-74.15746764],[-171.25960539],[-130.37378209],[-60.58846074]
963,[673.17427705],[140.70062964],[48.97777481],[122.52794271],[61.84806947],[60.28491345],[0.],[116.96980716],[121.8651398]
964,[549.06357057],[50.37217735],[71.38009025],[53.90904427],[86.21782128],[103.43919904],[-14.34477677],[111.61644074],[86.4735744]
965,[-644.83277509],[-97.02947886],[-78.21766877],[-95.16518723],[-106.17148206],[-38.65857764],[-149.65901727],[-46.67601586],[-33.2553474]
966,[726.84593794],[105.45162865],[92.89271724],[161.41665713],[19.26182643],[70.11622632],[0.],[160.32332273],[117.38355944]
967,[-103.33390677],[-13.96382683],[-13.28299979],[-15.64252301],[-10.38268554],[-11.87100719],[-18.56420402],[-9.50778367],[-10.11887673]
968,[536.19378283],[40.34686451],[40.080911],[108.70130275],[57.17705764],[71.16467975],[-8.25272166],[79.89668406],[147.07900478]
969,[608.30303633],[112.47734336],[71.84810801],[79.47086864],[94.50226087],[41.23966521],[-4.29427766],[162.10106046],[50.95800744]
970,[642.48120758],[118.13382683],[112.02835018],[103.06802743],[64.58493499],[78.97897958],[0.],[79.74079937],[85.9462892]
971,[-1230.28258326],[-121.29845137],[-88.07270369],[-164.09796715],[-158.96582475],[-160.74005007],[-231.16566397],[-141.06408406],[-164.87783821]
972,[-984.17373121],[-141.41660709],[-51.32315519],[-121.5755178],[-123.08075695],[-121.9886612],[-184.37789088],[-112.11008658],[-128.30105552]
973,[668.04246938],[111.1343812],[75.21227359],[112.28952074],[50.19274725],[104.44626688],[-0.04544495],[80.33948738],[134.47323729]
974,[-1288.7993078],[-120.54806055],[-129.72674971],[-132.01658431],[-159.50432889],[-196.82234938],[-230.07423302],[-186.76466075],[-133.34234118]
975,[642.30321985],[74.62837697],[80.81359723],[95.80547381],[99.02210883],[132.21068629],[0.],[114.8943852],[44.92859152]
976,[618.30030332],[104.82870273],[91.24317924],[128.6536828],[66.62039414],[65.14632097],[-0.00049847],[72.816121],[88.99240091]
977,[556.79605883],[65.27397217],[72.14075085],[94.09981221],[95.61124028],[75.82851996],[0.],[102.60825879],[51.23350458]
978,[329.69858339],[85.7120997],[2.18179152],[54.65437004],[67.34630909],[38.37008265],[-35.8467736],[75.72502253],[41.55568145]
979,[669.15264186],[101.72669942],[141.17944424],[128.71216463],[76.78322224],[77.74820141],[0.],[68.53582844],[74.46708148]
980,[565.81085032],[144.9365085],[73.94574588],[77.67467244],[41.57224471],[50.95298133],[-0.00027696],[64.94820847],[111.78076597]
981,[414.02219664],[9.25629785],[85.71386485],[109.08332287],[56.7078499],[63.32965674],[-24.62976351],[51.86279699],[62.69817094]
982,[-896.97229426],[-61.7786491],[-120.7530439],[-67.1990377],[-146.68482557],[-95.23500556],[-186.84960543],[-108.48501908],[-109.98710793]
983,[277.67992178],[22.59442534],[58.29065812],[38.47043079],[49.89779416],[34.58851033],[-22.16574508],[31.53508002],[64.4687681]
984,[545.17501808],[32.03022709],[41.20273221],[97.95734988],[94.43444538],[92.25958042],[-0.14483884],[51.66286583],[135.77265611]
985,[-166.06738162],[-10.36933924],[-49.95568348],[-7.23990826],[-1.79250515],[-2.7103634],[-87.48922144],[44.30876457],[-50.81912522]
986,[655.63810308],[105.85099103],[110.82036635],[87.56171746],[111.6814911],[78.37543165],[0.],[80.19086854],[81.15723695]
987,[646.5513107],[150.82712374],[56.70721658],[105.20524212],[74.92140105],[109.03804713],[0.],[113.60969498],[36.24258511]
988,[539.0628061],[114.5062569],[81.54696445],[101.56850671],[69.97058859],[66.70561478],[-9.16993459],[43.2424519],[70.69235735]
989,[708.05042024],[138.7742126],[63.42537169],[128.96142941],[80.20857928],[87.9539706],[0.],[119.24849323],[89.47836343]
990,[61.15050716],[-2.48623868],[22.18617492],[7.64672495],[62.07501221],[-3.65134691],[-67.15416814],[1.28854699],[41.24580182]
991,[582.75479436],[108.73787789],[77.93378566],[96.7922576],[62.54833828],[105.13431079],[0.],[59.93886255],[71.66936159]
992,[699.21900426],[104.0982074],[67.90890387],[96.81443116],[64.65170473],[115.56889211],[0.],[144.21534603],[105.96151897]
993,[467.56168414],[41.06002353],[47.6083251],[104.60131483],[105.12931732],[41.45754431],[-17.37128462],[33.50002127],[111.5764224]
994,[-233.15579748],[-13.95576724],[-29.18337904],[2.06096649],[9.28109905],[-46.288611],[-101.10941285],[-46.58610328],[-7.37458961]
995,[581.9018145],[90.76067754],[71.80777444],[136.97338115],[48.02389053],[104.08394628],[0.],[42.04099408],[88.21115047]
996,[633.02924669],[101.3458291],[75.60488246],[102.94093851],[68.67372887],[77.84839551],[0.],[94.42983646],[112.18563578]
997,[586.28163764],[93.14403095],[64.11060703],[93.95723707],[115.3739798],[52.21543934],[0.],[56.5928877],[110.88745574]
998,[117.22247373],[4.50258639],[28.42048866],[95.18231878],[-16.0397144],[-19.97266757],[-68.14456465],[55.24801669],[38.02600983]
999,[701.75775405],[81.31056132],[77.85707908],[145.25674396],[147.38240109],[67.66966918],[0.],[125.94478999],[56.33650943]
